得意先,県,期,我社販売量
(株)イケノベ,茨城県,71期,52.06
(株)イケノベ,茨城県,72期,65.18
(株)イケノベ,茨城県,73期,39
(株)イシカワ,岩手県,73期,4
(株)イシカワ,青森県,71期,13.62
(株)イシカワ,青森県,73期,75.1
(株)えんどう種苗,滋賀県,71期,1.843
(株)えんどう種苗,滋賀県,72期,2.36
(株)えんどう種苗,滋賀県,73期,1.47
(株)カネ八商店,三重県,71期,4.14
(株)カネ八商店,三重県,72期,1.06
(株)カネ八商店,三重県,73期,0.94
(株)サングリーン青嶋,静岡県,71期,44.45
(株)サングリーン青嶋,静岡県,72期,9.935
(株)サングリーン青嶋,静岡県,73期,3.056
(株)ツカダ,北海道,71期,330
(株)ツカダ,北海道,72期,208.56
(株)ツカダ,北海道,73期,152
(株)ニチユ,千葉県,71期,118.5
(株)ニチユ,千葉県,72期,76.35
(株)ニチユ,千葉県,73期,102.02
(株)ﾌﾚｯｼｭｸﾞﾘｰﾝｼﾞｬﾊﾟﾝ,愛知県,71期,4
(株)ﾌﾚｯｼｭｸﾞﾘｰﾝｼﾞｬﾊﾟﾝ,愛知県,72期,4
(株)ﾌﾚｯｼｭｸﾞﾘｰﾝｼﾞｬﾊﾟﾝ,山梨県,71期,0.36
(株)ﾌﾚｯｼｭｸﾞﾘｰﾝｼﾞｬﾊﾟﾝ,山梨県,72期,0.4
(株)ﾌﾚｯｼｭｸﾞﾘｰﾝｼﾞｬﾊﾟﾝ,神奈川県,72期,9
(株)ﾌﾚｯｼｭｸﾞﾘｰﾝｼﾞｬﾊﾟﾝ,静岡県,71期,23.9
(株)ﾌﾚｯｼｭｸﾞﾘｰﾝｼﾞｬﾊﾟﾝ,静岡県,72期,15.12
(株)ﾌﾚｯｼｭｸﾞﾘｰﾝｼﾞｬﾊﾟﾝ,静岡県,73期,6
(株)ﾌﾚｯｼｭｸﾞﾘｰﾝｼﾞｬﾊﾟﾝ,長野県,71期,15
(株)ﾌﾚｯｼｭｸﾞﾘｰﾝｼﾞｬﾊﾟﾝ,長野県,72期,15
(株)ﾔﾏﾄｺｰﾎﾟﾚｰｼｮﾝ,静岡県,71期,108
(株)ﾔﾏﾄｺｰﾎﾟﾚｰｼｮﾝ,静岡県,72期,86.8
(株)ﾔﾏﾄｺｰﾎﾟﾚｰｼｮﾝ,静岡県,73期,38.8
(株)ﾙｰﾄﾚｯｸﾈｯﾄﾜｰｸｽ,宮城県,72期,0.5
(株)ﾙｰﾄﾚｯｸﾈｯﾄﾜｰｸｽ,宮城県,73期,0.25
(株)ﾙｰﾄﾚｯｸﾈｯﾄﾜｰｸｽ,群馬県,72期,0.12
(株)ﾙｰﾄﾚｯｸﾈｯﾄﾜｰｸｽ,神奈川県,73期,0.1
(株)ﾙｰﾄﾚｯｸﾈｯﾄﾜｰｸｽ,大阪府,72期,0.2
(株)ﾙｰﾄﾚｯｸﾈｯﾄﾜｰｸｽ,福岡県,72期,0.25
(株)ヰセキ九州,大分県,71期,7
(株)阿部産業,茨城県,71期,19.8
(株)阿部産業,茨城県,72期,14.8
(株)阿部産業,茨城県,73期,4.5
(株)伊勢屋肥料農材,岐阜県,71期,0.4
(株)伊勢屋肥料農材,岐阜県,72期,0.2
(株)伊勢屋肥料農材,静岡県,71期,141.7
(株)伊勢屋肥料農材,静岡県,72期,105.04
(株)伊勢屋肥料農材,静岡県,73期,19.3
(株)伊藤史恭商店,千葉県,71期,124.403
(株)伊藤史恭商店,千葉県,72期,108.01
(株)伊藤史恭商店,千葉県,73期,91.755
(株)奥隅商店,群馬県,71期,10
(株)奥隅商店,群馬県,72期,10
(株)奥隅商店,埼玉県,71期,24.45
(株)奥隅商店,埼玉県,72期,14
(株)奥隅商店,埼玉県,73期,6.4
(株)河原崎商事菊川,静岡県,71期,29.6
(株)河原崎商事菊川,静岡県,72期,24.8
(株)河原崎商事菊川,静岡県,73期,10.4
(株)関根辨之助商店,埼玉県,71期,66.8
(株)関根辨之助商店,埼玉県,72期,27.9
(株)関根辨之助商店,埼玉県,73期,20.6
(株)関東甲信ｸﾎﾞﾀ,茨城県,71期,0.195
(株)関東甲信ｸﾎﾞﾀ,茨城県,72期,0.18
(株)関東甲信ｸﾎﾞﾀ,埼玉県,71期,0.115
(株)関東甲信ｸﾎﾞﾀ,山梨県,72期,0.03
(株)関東甲信ｸﾎﾞﾀ,千葉県,71期,0.465
(株)関東甲信ｸﾎﾞﾀ,千葉県,72期,0.15
(株)関東甲信ｸﾎﾞﾀ,長野県,72期,0.03
(株)関東甲信ｸﾎﾞﾀ,栃木県,71期,1.08
(株)丸誠,熊本県,71期,20
(株)丸誠,熊本県,72期,16
(株)丸誠,熊本県,73期,8
(株)岩田万右ェ門商店,千葉県,71期,176.496
(株)岩田万右ェ門商店,千葉県,72期,148.646
(株)岩田万右ェ門商店,千葉県,73期,64.461
（株）櫛引商店,青森県,71期,60.5
（株）櫛引商店,青森県,72期,52.5
（株）櫛引商店,青森県,73期,60
(株)向後商店,千葉県,71期,108.87
(株)向後商店,千葉県,72期,106.32
(株)向後商店,千葉県,73期,107.3
(株)三豊,京都府,71期,46.99
(株)三豊,京都府,72期,49.205
(株)三豊,京都府,73期,43.49
(株)山喜商店,長崎県,71期,16.8
(株)山喜商店,長崎県,72期,24
(株)山喜商店,長崎県,73期,5
(株)山口高一商店,神奈川県,71期,1.1
(株)山口高一商店,神奈川県,72期,1
(株)山丁佐原商店,静岡県,71期,178.08
(株)山丁佐原商店,静岡県,72期,122.22
(株)山丁佐原商店,静岡県,73期,59.84
(株)山本松五郎商店,茨城県,71期,9.2
(株)山本松五郎商店,茨城県,72期,14.4
(株)山本松五郎商店,岐阜県,71期,2.2
(株)山本松五郎商店,岐阜県,72期,2
(株)山本松五郎商店,埼玉県,71期,15.4
(株)山本松五郎商店,埼玉県,72期,6.5
(株)山本松五郎商店,山梨県,71期,2.4
(株)山本松五郎商店,山梨県,72期,6.1
(株)山本松五郎商店,神奈川県,71期,40.12
(株)山本松五郎商店,神奈川県,72期,23.1
(株)山本松五郎商店,神奈川県,73期,14.66
(株)山本松五郎商店,静岡県,71期,20.5
(株)山本松五郎商店,静岡県,72期,21.14
(株)山本松五郎商店,静岡県,73期,3
(株)山本松五郎商店,千葉県,71期,18.54
(株)山本松五郎商店,千葉県,72期,37.21
(株)山本松五郎商店,千葉県,73期,10.407
(株)山本松五郎商店,東京都,71期,1.5
(株)山本松五郎商店,東京都,72期,1.5
(株)山本松五郎商店,東京都,73期,0.6
(株)山本松五郎商店,徳島県,71期,3.2
(株)寺口,和歌山県,71期,51.672
(株)寺口,和歌山県,72期,50.08
(株)寺口,和歌山県,73期,24.24
(株)篠崎商店,千葉県,71期,2.5
(株)篠崎商店,千葉県,72期,2.52
(株)篠崎商店,千葉県,73期,0.64
(株)篠崎商店,東京都,71期,0.2
(株)篠崎商店,東京都,72期,0.2
(株)若林肥料店,栃木県,71期,5.01
(株)手塚肥料店,栃木県,71期,54.37
(株)手塚肥料店,栃木県,72期,29.875
(株)手塚肥料店,栃木県,73期,27.57
(株)曙通商,北海道,71期,1600.005
(株)曙通商,北海道,72期,1112.055
(株)曙通商,北海道,73期,504.845
(株)勝山商店,静岡県,71期,0.024
(株)勝山商店,静岡県,72期,5
(株)小林太平堂,長野県,71期,10
(株)小林太平堂,長野県,72期,5
(株)小林太平堂,長野県,73期,5
(株)森下,群馬県,71期,310.8
(株)森下,群馬県,72期,285
(株)森下,群馬県,73期,80.2
(株)森下,千葉県,71期,192
(株)森田商店,千葉県,71期,30.4
(株)森田商店,千葉県,72期,28.38
(株)森田商店,千葉県,73期,14.54
(株)菅谷肥料店,茨城県,71期,255.436
(株)菅谷肥料店,茨城県,72期,115.53
(株)菅谷肥料店,茨城県,73期,53.485
(株)菅谷肥料店,群馬県,71期,0.3
(株)菅谷本店,千葉県,71期,1.2
(株)菅谷本店,千葉県,72期,1.34
(株)菅谷本店,千葉県,73期,0.7
(株)星野又右衛門商店,埼玉県,71期,156.474
(株)星野又右衛門商店,埼玉県,72期,108.244
(株)星野又右衛門商店,埼玉県,73期,10
(株)清水商店,長野県,71期,10
(株)清水商店,長野県,72期,10.1
(株)清水商店,長野県,73期,10
(株)西川,新潟県,71期,0.1
(株)西川,長野県,71期,8.78
(株)西川,長野県,72期,7
(株)西川,長野県,73期,5
(株)青木商店,山梨県,72期,0.04
(株)青木商店,栃木県,71期,60.7
(株)青木商店,栃木県,72期,69.08
(株)青木商店,栃木県,73期,48.8
(株)石原林造商店,香川県,71期,0.4
(株)石原林造商店,香川県,72期,0.4
(株)前田商店,千葉県,71期,31.565
(株)前田商店,千葉県,72期,30.2
(株)前田商店,千葉県,73期,19.5
(株)前田肥料店,愛知県,71期,4.2
(株)前田肥料店,愛知県,72期,13
(株)大宮ｸﾞﾘ-ﾝｻ-ﾋﾞｽ,埼玉県,71期,602.77
(株)大宮ｸﾞﾘ-ﾝｻ-ﾋﾞｽ,埼玉県,72期,220.51
(株)大宮ｸﾞﾘ-ﾝｻ-ﾋﾞｽ,埼玉県,73期,74.45
(株)大宮ｸﾞﾘ-ﾝｻ-ﾋﾞｽ,神奈川県,71期,0.06
(株)大宮ｸﾞﾘ-ﾝｻ-ﾋﾞｽ,神奈川県,73期,0.06
(株)大和,静岡県,71期,19.012
(株)大和,静岡県,72期,6.406
(株)大和,静岡県,73期,3.203
(株)大萬,千葉県,71期,52.504
(株)大萬,千葉県,72期,40.465
(株)大萬,千葉県,73期,28.828
(株)丹波屋,北海道,71期,175.12
(株)丹波屋,北海道,72期,-175.12
(株)池田商店,福岡県,71期,88.5
(株)竹浪平二商店,青森県,71期,23.807
(株)竹浪平二商店,青森県,72期,28.407
(株)竹浪平二商店,青森県,73期,12.5
(株)中善商店,千葉県,71期,2.3
(株)中善商店,千葉県,72期,2.1
(株)中善商店,千葉県,73期,1.8
(株)中村太一商店,千葉県,71期,46.7
(株)中村太一商店,千葉県,72期,28.74
(株)中村太一商店,千葉県,73期,17.96
(株)中部,岐阜県,71期,124.335
(株)中部,岐阜県,72期,189.695
(株)中部,岐阜県,73期,20.875
(株)町田ｱﾝﾄﾞ町田商会,青森県,71期,0.23
(株)塚本商店,千葉県,71期,69.25
(株)塚本商店,千葉県,72期,2
(株)鶴田利七商店,徳島県,71期,20
(株)鶴田利七商店,徳島県,72期,10
(株)鶴田利七商店,徳島県,73期,6
(株)土網商店,岡山県,72期,5
(株)土網商店,岡山県,73期,5
(株)土網商店,山口県,71期,158.284
(株)土網商店,山口県,72期,60.08
(株)土網商店,山口県,73期,108.986
(株)東商,静岡県,71期,0.1
(株)東商,静岡県,72期,0.06
(株)東商,静岡県,73期,0.06
(株)東日本肥料,愛知県,71期,0.6
(株)東日本肥料,愛知県,73期,0.6
(株)東日本肥料,茨城県,71期,1
(株)東日本肥料,茨城県,72期,0.2
(株)東日本肥料,岐阜県,71期,0.02
(株)東日本肥料,広島県,72期,0.42
(株)東日本肥料,香川県,71期,1.1
(株)東日本肥料,埼玉県,71期,0.1
(株)東日本肥料,埼玉県,73期,0.3
(株)東日本肥料,山口県,71期,0.2
(株)東日本肥料,滋賀県,71期,0.04
(株)東日本肥料,滋賀県,72期,0.04
(株)東日本肥料,秋田県,71期,16
(株)東日本肥料,長野県,71期,0.04
(株)東日本肥料,奈良県,72期,0.21
(株)頭久保,青森県,71期,5
(株)日の丸産業社,北海道,71期,80
(株)日の丸産業社,北海道,72期,50
(株)日の丸産業社,北海道,73期,50
(株)日向野商店,栃木県,72期,0.058
(株)日向野商店,栃木県,73期,0.048
(株)農産ｱｸﾞﾘｰﾝ,京都府,71期,7
(株)農産ｱｸﾞﾘｰﾝ,京都府,72期,9
(株)農産ｱｸﾞﾘｰﾝ,京都府,73期,6.2
(株)農産ｱｸﾞﾘｰﾝ,大阪府,71期,5.08
(株)農産ｱｸﾞﾘｰﾝ,奈良県,71期,1
(株)農産ｱｸﾞﾘｰﾝ,奈良県,72期,1
(株)農産ｱｸﾞﾘｰﾝ,兵庫県,72期,6
(株)農産ｱｸﾞﾘｰﾝ,和歌山県,71期,0.1
(株)農産ｱｸﾞﾘｰﾝ,和歌山県,72期,0.1
(株)尾崎本店,千葉県,71期,2.6
(株)尾崎本店,千葉県,72期,2.4
(株)尾崎本店,千葉県,73期,2.5
(株)冨山,新潟県,71期,394.884
(株)冨山,新潟県,72期,265.284
(株)冨山,新潟県,73期,129.29
(株)福田商会,岩手県,71期,0.1
(株)福田商会,岩手県,72期,0.15
(株)福田商会,岩手県,73期,0.2
(株)福田商会,宮城県,71期,15.3
(株)福田商会,宮城県,72期,10.5
(株)福田商会,宮城県,73期,10.25
(株)福田商会,福島県,72期,0.15
(株)麻生商店,群馬県,71期,182.2
(株)麻生商店,群馬県,72期,194.542
(株)麻生商店,群馬県,73期,110
(株)鷲尾,新潟県,71期,440.37
(株)鷲尾,新潟県,72期,376.495
(株)鷲尾,新潟県,73期,255.52
(株)縣商店,静岡県,71期,24.4
(株)縣商店,静岡県,72期,18.42
(株)縣商店,静岡県,73期,14
(株)舩越,静岡県,71期,92.424
(株)舩越,静岡県,72期,75.848
(株)舩越,静岡県,73期,25.901
(資)下幾商店,愛知県,71期,48.57
(資)下幾商店,愛知県,72期,33.825
(資)下幾商店,愛知県,73期,22.756
（資）宮原商店,佐賀県,71期,9
（資）宮原商店,佐賀県,72期,6.8
（資）宮原商店,佐賀県,73期,3
(資)野澤屋商店,愛知県,71期,1.8
(資)野澤屋商店,愛知県,72期,1
(資)野澤屋商店,愛知県,73期,1.2
(有)カネカ商店,愛知県,71期,1.5
(有)カネカ商店,愛知県,72期,2.92
(有)カワシマ園芸,滋賀県,71期,12.868
(有)カワシマ園芸,滋賀県,72期,9.309
(有)カワシマ園芸,滋賀県,73期,5.148
(有)ちゆき園,愛知県,71期,0.924
(有)ちゆき園,愛知県,72期,1.024
(有)ちゆき園,愛知県,73期,0.324
(有)益登商店,愛知県,71期,35.82
(有)益登商店,愛知県,72期,32.06
(有)益登商店,愛知県,73期,5.46
(有)越川平治郎商店,千葉県,71期,15.9
(有)越川平治郎商店,千葉県,72期,16
(有)越川平治郎商店,千葉県,73期,10.8
(有)園芸センター森,滋賀県,71期,1.55
(有)園芸センター森,滋賀県,72期,0.6
(有)園芸センター森,滋賀県,73期,0.425
(有)丸喜商店,徳島県,71期,105.59
(有)丸喜商店,徳島県,72期,92.4
(有)丸喜商店,徳島県,73期,58.56
（有）丸三商会,三重県,71期,62.153
（有）丸三商会,三重県,72期,61.708
（有）丸三商会,三重県,73期,37.496
(有)岩崎肥料店,栃木県,71期,24.22
(有)岩崎肥料店,栃木県,72期,16.62
(有)岩崎肥料店,栃木県,73期,21.6
(有)宮城りょくせい,宮城県,71期,499.17
(有)宮城りょくせい,宮城県,72期,357.685
(有)宮城りょくせい,宮城県,73期,38.71
(有)宮本肥料店,静岡県,71期,2.2
(有)宮本肥料店,静岡県,72期,2
(有)協和肥料,神奈川県,71期,4.77
(有)協和肥料,神奈川県,73期,3
(有)金井栄蔵商店,千葉県,71期,50.4
(有)金井栄蔵商店,千葉県,72期,64.8
(有)金井栄蔵商店,千葉県,73期,30.12
(有)粂田肥料店,静岡県,71期,6.9
(有)粂田肥料店,静岡県,72期,3.8
(有)粂田肥料店,静岡県,73期,2.55
(有)佐藤長蔵商店,山形県,71期,0.072
(有)佐藤長蔵商店,山形県,72期,0.072
(有)若喜屋商店,群馬県,71期,25.54
(有)若喜屋商店,群馬県,72期,14.34
(有)秋山茂商店,千葉県,71期,9.6
(有)小松商店,愛知県,71期,0.012
(有)小松商店,広島県,71期,28.8
(有)小松商店,広島県,72期,9.39
(有)小松商店,広島県,73期,9.26
(有)小松商店,山梨県,71期,0.036
(有)小松商店,山梨県,72期,0.024
(有)小松商店,福島県,71期,0.04
(有)小川豊商店,千葉県,71期,4
(有)小川豊商店,千葉県,72期,6
(有)小牧肥料店,三重県,71期,38
(有)小牧肥料店,三重県,72期,15.4
(有)小牧肥料店,三重県,73期,21.3
(有)小野宗商産,茨城県,71期,47.64
(有)小野宗商産,茨城県,72期,17.37
(有)小野宗商産,茨城県,73期,10.06
(有)菅野伊五平商店,兵庫県,71期,13
(有)菅野伊五平商店,兵庫県,72期,22.6
(有)菅野伊五平商店,兵庫県,73期,4
(有)清水商事,埼玉県,71期,53.44
(有)清水商事,埼玉県,72期,41.3
(有)清水商事,埼玉県,73期,26.86
(有)青木商店,群馬県,73期,13
(有)斉忠商店,千葉県,71期,54.98
(有)斉忠商店,千葉県,72期,42.495
(有)斉忠商店,千葉県,73期,29.99
(有)千歳屋種苗,群馬県,71期,76.4
(有)千歳屋種苗,群馬県,72期,13.2
(有)千歳屋種苗,群馬県,73期,13.46
(有)川口商店,和歌山県,71期,2
(有)前田肥料センタ,愛知県,71期,20.4
(有)前田肥料センタ,愛知県,72期,4.32
(有)前田肥料センタ,愛知県,73期,5.712
(有)竹村与四郎商店,茨城県,71期,21.2
(有)竹村与四郎商店,茨城県,72期,45.72
(有)竹村与四郎商店,茨城県,73期,14
(有)長澤園芸,静岡県,71期,1.86
(有)長澤園芸,静岡県,72期,1.86
(有)長澤園芸,静岡県,73期,0.86
(有)内海盛作商店,茨城県,71期,12.3
(有)内海盛作商店,茨城県,72期,10.1
(有)内海盛作商店,茨城県,73期,7.2
(有)粕田商店,茨城県,71期,13.4
(有)粕田商店,茨城県,72期,10
(有)八木沢肥料店,栃木県,71期,20.06
(有)八木沢肥料店,栃木県,72期,7.7
(有)八木沢肥料店,栃木県,73期,10
(有)菱沼農機商会,栃木県,71期,4.555
(有)菱沼農機商会,栃木県,72期,4.49
(有)菱沼農機商会,栃木県,73期,4.83
(有)冨士興業,山口県,71期,8.765
(有)冨士興業,山口県,72期,8.02
(有)冨士興業,山口県,73期,4.45
(有)冨士興業,鹿児島県,71期,0.01
(有)冨士興業,新潟県,72期,0.04
(有)冨士興業,静岡県,71期,0.02
(有)冨士興業,静岡県,72期,0.02
(有)冨士興業,千葉県,71期,0.06
(有)冨士興業,兵庫県,71期,0.04
(有)福嶋屋穀店,埼玉県,71期,28.51
(有)福嶋屋穀店,埼玉県,72期,30.24
(有)福嶋屋穀店,埼玉県,73期,13.47
(有)野矢商店,滋賀県,71期,0.048
(有)野矢商店,滋賀県,72期,1.096
(有)油屋,茨城県,71期,23.6
(有)油屋,茨城県,72期,16.24
(有)油屋,茨城県,73期,70.9
(有)藍商店,千葉県,71期,31.06
(有)藍商店,千葉県,72期,16.47
(有)藍商店,千葉県,73期,4.4
(有)林商店,岐阜県,71期,17.2
(有)林商店,岐阜県,72期,40.62
(有)林商店,岐阜県,73期,24.95
(有)鈴木三郎商店,愛知県,71期,203.031
(有)鈴木三郎商店,愛知県,72期,180.135
(有)鈴木三郎商店,愛知県,73期,63.112
(有)莨屋肥料店,静岡県,71期,137.6
(有)莨屋肥料店,静岡県,72期,91.484
(有)莨屋肥料店,静岡県,73期,55.452
Case株式会社,岐阜県,71期,0.12
JAならけん,奈良県,71期,3.26
JAならけん,奈良県,72期,0.24
ＪＡ愛知経済連,愛知県,71期,1634.385
ＪＡ愛知経済連,愛知県,72期,1083.225
ＪＡ愛知経済連,愛知県,73期,546.45
ＪＡ愛知経済連(直),愛知県,71期,2746.246
ＪＡ愛知経済連(直),愛知県,72期,1899.589
ＪＡ愛知経済連(直),愛知県,73期,983.028
ＪＡ静岡県経済連,静岡県,71期,1207.28
ＪＡ静岡県経済連,静岡県,72期,921.62
ＪＡ静岡県経済連,静岡県,73期,420.66
ＪＡ静岡県経済連(直),静岡県,71期,1966.76
ＪＡ静岡県経済連(直),静岡県,72期,1309.1
ＪＡ静岡県経済連(直),静岡県,73期,660.04
ＪＡ全農 にいがた,新潟県,71期,0.22
ＪＡ全農 にいがた,新潟県,72期,0.06
ＪＡ全農 にいがた,新潟県,73期,0.06
ＪＡ全農 みえ,三重県,71期,2263.908
ＪＡ全農 みえ,三重県,72期,1230.745
ＪＡ全農 みえ,三重県,73期,417.492
ＪＡ全農 岐阜,岐阜県,71期,3038.586
ＪＡ全農 岐阜,岐阜県,72期,2199.208
ＪＡ全農 岐阜,岐阜県,73期,1536.632
ＪＡ全農 京都,京都府,71期,162.4
ＪＡ全農 京都,京都府,72期,12
ＪＡ全農 埼玉,埼玉県,71期,52.08
ＪＡ全農 埼玉,埼玉県,72期,43.32
ＪＡ全農 埼玉,埼玉県,73期,23.6
ＪＡ全農 滋賀,滋賀県,71期,13.38
ＪＡ全農 滋賀,滋賀県,72期,12
ＪＡ全農 滋賀,滋賀県,73期,24
ＪＡ全農 石川,石川県,71期,140.64
ＪＡ全農 石川,石川県,72期,118.88
ＪＡ全農 石川,石川県,73期,0.04
ＪＡ全農 千葉,千葉県,71期,240.36
ＪＡ全農 千葉,千葉県,72期,198.9
ＪＡ全農 千葉,千葉県,73期,88.73
ＪＡ全農 富山,富山県,71期,72.06
ＪＡ全農 富山,富山県,72期,12.08
ＪＡ梨北,山梨県,71期,6.969
ＪＡ梨北,山梨県,72期,6.433
ＪＡ梨北,山梨県,73期,2.668
アグリックス(株),宮崎県,71期,19.9
アグリックス(株),宮崎県,72期,21.575
アグリックス(株),宮崎県,73期,5
ｲﾉﾁｵﾌﾟﾗﾝﾄｹｱ,静岡県,71期,557.7
ｲﾉﾁｵﾌﾟﾗﾝﾄｹｱ,静岡県,72期,619.37
ｲﾉﾁｵﾌﾟﾗﾝﾄｹｱ,静岡県,73期,157.159
オー・ジー株式会社,北海道,71期,294.36
オー・ジー株式会社,北海道,72期,231.76
オー・ジー株式会社,北海道,73期,40.3
カクタ商事有限会社,山梨県,71期,44.13
カクタ商事有限会社,山梨県,72期,17.75
カクタ商事有限会社,山梨県,73期,2.625
かなえ商事(株),千葉県,71期,52.18
かなえ商事(株),千葉県,72期,35.99
かなえ商事(株),千葉県,73期,31.86
グリーンテック(株),宮崎県,71期,138.84
グリーンテック(株),宮崎県,72期,69.625
グリーンテック(株),宮崎県,73期,83.34
グリーンテック(株),熊本県,71期,37.575
グリーンテック(株),熊本県,72期,37.635
グリーンテック(株),熊本県,73期,16.9
グリーンテック(株),佐賀県,71期,25.635
グリーンテック(株),佐賀県,72期,7.2
グリーンテック(株),佐賀県,73期,12
グリーンテック(株),鹿児島県,71期,184.8
グリーンテック(株),鹿児島県,72期,116.34
グリーンテック(株),鹿児島県,73期,83.76
グリーンテック(株),大分県,71期,7.05
グリーンテック(株),大分県,72期,3.75
グリーンテック(株),大分県,73期,0.75
グリーンテック(株),長崎県,71期,21.75
グリーンテック(株),長崎県,72期,19.4
グリーンテック(株),長崎県,73期,10
グリーンテック(株),福岡県,71期,15.39
グリーンテック(株),福岡県,72期,12.94
グリーンテック(株),福岡県,73期,0.85
ｸﾞﾘ-ﾝﾜ-ｸｽ株式会社,岐阜県,71期,6.426
ｸﾞﾘ-ﾝﾜ-ｸｽ株式会社,岐阜県,72期,6.527
ｸﾞﾘ-ﾝﾜ-ｸｽ株式会社,岐阜県,73期,2.413
サカイ種苗株式会社,長崎県,71期,20
サカイ種苗株式会社,長崎県,72期,10
サカイ種苗株式会社,長崎県,73期,10
ｻﾝｱｸﾞﾛ(株),北海道,71期,1550.86
ｻﾝｱｸﾞﾛ(株),北海道,72期,1588.2
ｻﾝｱｸﾞﾛ(株),北海道,73期,468.12
ｻﾝｱｸﾞﾛ(株)ﾀﾊﾞｺ九州,茨城県,71期,4.5
ｻﾝｱｸﾞﾛ(株)ﾀﾊﾞｺ九州,茨城県,72期,4.9
ｻﾝｱｸﾞﾛ(株)ﾀﾊﾞｺ九州,茨城県,73期,5.88
ｻﾝｱｸﾞﾛ(株)ﾀﾊﾞｺ九州,岩手県,71期,6.03
ｻﾝｱｸﾞﾛ(株)ﾀﾊﾞｺ九州,岩手県,72期,3.46
ｻﾝｱｸﾞﾛ(株)ﾀﾊﾞｺ九州,秋田県,71期,3.6
ｻﾝｱｸﾞﾛ(株)ﾀﾊﾞｺ九州,新潟県,71期,0
ｻﾝｱｸﾞﾛ(株)ﾀﾊﾞｺ九州,新潟県,72期,0
ｻﾝｱｸﾞﾛ(株)ﾀﾊﾞｺ九州,新潟県,73期,0
ｻﾝｱｸﾞﾛ(株)ﾀﾊﾞｺ九州,青森県,71期,348.28
ｻﾝｱｸﾞﾛ(株)ﾀﾊﾞｺ九州,青森県,72期,334.08
ｻﾝｱｸﾞﾛ(株)ﾀﾊﾞｺ九州,静岡県,72期,0
ｻﾝｱｸﾞﾛ(株)ﾀﾊﾞｺ九州,栃木県,72期,0
ｻﾝｱｸﾞﾛ(株)ﾀﾊﾞｺ九州,栃木県,73期,0
ｻﾝｱｸﾞﾛ(株)砂川工場,北海道,71期,18
ｻﾝｱｸﾞﾛ(株)砂川工場,北海道,72期,18
ｻﾝｱｸﾞﾛ(株)砂川工場,北海道,73期,18
ｻﾝｱｸﾞﾛ(株)大阪,大阪府,72期,1.4
ｻﾝｱｸﾞﾛ(株)大阪,兵庫県,73期,11.6
ｻﾝｱｸﾞﾛ(株)大阪,和歌山県,71期,61.1
ｻﾝｱｸﾞﾛ(株)大阪,和歌山県,72期,48.812
ｻﾝｱｸﾞﾛ(株)大阪,和歌山県,73期,12.1
ｻﾝｱｸﾞﾛ(株)東日本第1G,茨城県,71期,498.74
ｻﾝｱｸﾞﾛ(株)東日本第1G,茨城県,72期,74.86
ｻﾝｱｸﾞﾛ(株)東日本第1G,東京都,72期,0
ｻﾝｱｸﾞﾛ(株)東日本第1G,東京都,73期,0
ｻﾝｱｸﾞﾛ(株)物流・購買,群馬県,73期,21.37
ｼｰｱｲﾏﾃｯｸｽ(株),愛媛県,71期,5
ｼｰｱｲﾏﾃｯｸｽ(株),茨城県,71期,34.12
ｼｰｱｲﾏﾃｯｸｽ(株),茨城県,72期,21.7
ｼｰｱｲﾏﾃｯｸｽ(株),茨城県,73期,62
ｼｰｱｲﾏﾃｯｸｽ(株),岩手県,72期,6.44
ｼｰｱｲﾏﾃｯｸｽ(株),岩手県,73期,4
ｼｰｱｲﾏﾃｯｸｽ(株),岐阜県,71期,0.24
ｼｰｱｲﾏﾃｯｸｽ(株),岐阜県,72期,6.5
ｼｰｱｲﾏﾃｯｸｽ(株),岐阜県,73期,13
ｼｰｱｲﾏﾃｯｸｽ(株),宮城県,71期,5
ｼｰｱｲﾏﾃｯｸｽ(株),宮城県,72期,23
ｼｰｱｲﾏﾃｯｸｽ(株),宮城県,73期,22.8
ｼｰｱｲﾏﾃｯｸｽ(株),京都府,72期,5
ｼｰｱｲﾏﾃｯｸｽ(株),群馬県,71期,205.7
ｼｰｱｲﾏﾃｯｸｽ(株),群馬県,72期,513.32
ｼｰｱｲﾏﾃｯｸｽ(株),群馬県,73期,369.48
ｼｰｱｲﾏﾃｯｸｽ(株),埼玉県,71期,143.2
ｼｰｱｲﾏﾃｯｸｽ(株),埼玉県,72期,83.28
ｼｰｱｲﾏﾃｯｸｽ(株),埼玉県,73期,37.72
ｼｰｱｲﾏﾃｯｸｽ(株),三重県,71期,0.28
ｼｰｱｲﾏﾃｯｸｽ(株),三重県,72期,0.1
ｼｰｱｲﾏﾃｯｸｽ(株),三重県,73期,0.04
ｼｰｱｲﾏﾃｯｸｽ(株),山形県,71期,206.32
ｼｰｱｲﾏﾃｯｸｽ(株),山形県,72期,21
ｼｰｱｲﾏﾃｯｸｽ(株),山形県,73期,52.56
ｼｰｱｲﾏﾃｯｸｽ(株),山梨県,71期,1.94
ｼｰｱｲﾏﾃｯｸｽ(株),山梨県,72期,1.18
ｼｰｱｲﾏﾃｯｸｽ(株),山梨県,73期,1.2
ｼｰｱｲﾏﾃｯｸｽ(株),滋賀県,72期,2.46
ｼｰｱｲﾏﾃｯｸｽ(株),滋賀県,73期,0.18
ｼｰｱｲﾏﾃｯｸｽ(株),秋田県,71期,25.9
ｼｰｱｲﾏﾃｯｸｽ(株),秋田県,72期,2.76
ｼｰｱｲﾏﾃｯｸｽ(株),秋田県,73期,12.22
ｼｰｱｲﾏﾃｯｸｽ(株),新潟県,71期,45.24
ｼｰｱｲﾏﾃｯｸｽ(株),新潟県,72期,16.4
ｼｰｱｲﾏﾃｯｸｽ(株),新潟県,73期,27.6
ｼｰｱｲﾏﾃｯｸｽ(株),神奈川県,71期,0.5
ｼｰｱｲﾏﾃｯｸｽ(株),神奈川県,72期,2.14
ｼｰｱｲﾏﾃｯｸｽ(株),神奈川県,73期,0.02
ｼｰｱｲﾏﾃｯｸｽ(株),静岡県,71期,4.603
ｼｰｱｲﾏﾃｯｸｽ(株),静岡県,72期,0.1
ｼｰｱｲﾏﾃｯｸｽ(株),千葉県,71期,366.84
ｼｰｱｲﾏﾃｯｸｽ(株),千葉県,72期,272.9
ｼｰｱｲﾏﾃｯｸｽ(株),千葉県,73期,115.9
ｼｰｱｲﾏﾃｯｸｽ(株),大阪府,72期,2
ｼｰｱｲﾏﾃｯｸｽ(株),長野県,71期,2
ｼｰｱｲﾏﾃｯｸｽ(株),長野県,72期,3.64
ｼｰｱｲﾏﾃｯｸｽ(株),長野県,73期,14.6
ｼｰｱｲﾏﾃｯｸｽ(株),東京都,71期,94.377
ｼｰｱｲﾏﾃｯｸｽ(株),東京都,72期,104.458
ｼｰｱｲﾏﾃｯｸｽ(株),東京都,73期,47
ｼｰｱｲﾏﾃｯｸｽ(株),徳島県,71期,0.34
ｼｰｱｲﾏﾃｯｸｽ(株),徳島県,72期,0.5
ｼｰｱｲﾏﾃｯｸｽ(株),徳島県,73期,0.58
ｼｰｱｲﾏﾃｯｸｽ(株),栃木県,71期,32.82
ｼｰｱｲﾏﾃｯｸｽ(株),栃木県,72期,16.04
ｼｰｱｲﾏﾃｯｸｽ(株),栃木県,73期,21.08
ｼｰｱｲﾏﾃｯｸｽ(株),富山県,71期,32.2
ｼｰｱｲﾏﾃｯｸｽ(株),富山県,72期,12
ｼｰｱｲﾏﾃｯｸｽ(株),富山県,73期,12
ｼｰｱｲﾏﾃｯｸｽ(株),福井県,71期,45
ｼｰｱｲﾏﾃｯｸｽ(株),福井県,72期,40
ｼｰｱｲﾏﾃｯｸｽ(株),福井県,73期,10
ｼｰｱｲﾏﾃｯｸｽ(株),福島県,71期,22.18
ｼｰｱｲﾏﾃｯｸｽ(株),福島県,72期,34.36
ｼｰｱｲﾏﾃｯｸｽ(株),福島県,73期,98.54
ｼｰｱｲﾏﾃｯｸｽ(株),兵庫県,72期,1.36
ｼｰｱｲﾏﾃｯｸｽ(株),北海道,71期,25.2
ｼｰｱｲﾏﾃｯｸｽ(株),北海道,72期,60.034
ｼｰｱｲﾏﾃｯｸｽ(株),和歌山県,73期,0.48
ｼｰｱｲﾏﾃｯｸｽ(株)仙台,岩手県,71期,59.92
ｼｰｱｲﾏﾃｯｸｽ(株)仙台,岩手県,72期,5.4
ｼｰｱｲﾏﾃｯｸｽ(株)仙台,岩手県,73期,9.608
ｼｰｱｲﾏﾃｯｸｽ(株)仙台,宮城県,71期,136
ｼｰｱｲﾏﾃｯｸｽ(株)仙台,宮城県,72期,34.6
ｼｰｱｲﾏﾃｯｸｽ(株)仙台,宮城県,73期,13
ｼｰｱｲﾏﾃｯｸｽ(株)仙台,山形県,71期,1
ｼｰｱｲﾏﾃｯｸｽ(株)仙台,山形県,72期,1
ｼｰｱｲﾏﾃｯｸｽ(株)仙台,秋田県,71期,26
ｼｰｱｲﾏﾃｯｸｽ(株)仙台,新潟県,71期,84.2
ｼｰｱｲﾏﾃｯｸｽ(株)仙台,新潟県,72期,74.6
ｼｰｱｲﾏﾃｯｸｽ(株)仙台,新潟県,73期,65
ｼｰｱｲﾏﾃｯｸｽ(株)仙台,青森県,71期,389.24
ｼｰｱｲﾏﾃｯｸｽ(株)仙台,青森県,72期,110.14
ｼｰｱｲﾏﾃｯｸｽ(株)仙台,青森県,73期,38
ｼｰｱｲﾏﾃｯｸｽ(株)仙台,福島県,71期,2.1
ｼｰｱｲﾏﾃｯｸｽ(株)仙台,福島県,73期,1
ｼｰｱｲﾏﾃｯｸｽ(株)北海道,北海道,71期,1738.14
ｼｰｱｲﾏﾃｯｸｽ(株)北海道,北海道,72期,1416.58
ｼｰｱｲﾏﾃｯｸｽ(株)北海道,北海道,73期,446.02
しずない農業協同組合,北海道,71期,39.5
とうや湖農協,北海道,71期,0
とうや湖農協,北海道,72期,3
とまこまい広域農協,北海道,71期,48
ﾄﾘﾆﾃｨｱｸﾞﾘ(株),群馬県,71期,170.295
ﾄﾘﾆﾃｨｱｸﾞﾘ(株),群馬県,72期,149.895
ﾄﾘﾆﾃｨｱｸﾞﾘ(株),群馬県,73期,50.015
ﾄﾘﾆﾃｨｱｸﾞﾘ(株),埼玉県,72期,0.045
ﾄﾘﾆﾃｨｱｸﾞﾘ(株),埼玉県,73期,25.029
ﾄﾘﾆﾃｨｱｸﾞﾘ(株),山梨県,71期,15.75
ﾄﾘﾆﾃｨｱｸﾞﾘ(株),山梨県,72期,40.5
ﾄﾘﾆﾃｨｱｸﾞﾘ(株),山梨県,73期,36
ﾄﾘﾆﾃｨｱｸﾞﾘ(株),長野県,71期,18
ﾄﾘﾆﾃｨｱｸﾞﾘ(株),長野県,72期,13.2
ﾄﾘﾆﾃｨｱｸﾞﾘ(株),栃木県,71期,28.77
ﾄﾘﾆﾃｨｱｸﾞﾘ(株),栃木県,72期,0.1
ヒノマル㈱ 福岡,福岡県,71期,0.05
ヒノマル㈱ 福岡,福岡県,72期,0.05
ﾍﾞﾙｳｯﾄﾞ株式会社,愛知県,71期,19.949
ﾍﾞﾙｳｯﾄﾞ株式会社,愛知県,72期,10.8
ﾍﾞﾙｳｯﾄﾞ株式会社,愛知県,73期,5
ﾎｸﾚﾝ,北海道,71期,29770.522
ﾎｸﾚﾝ,北海道,72期,27919.584
ﾎｸﾚﾝ,北海道,73期,11550.926
むさしの有機(株),埼玉県,71期,32.45
むさしの有機(株),埼玉県,72期,35.71
むさしの有機(株),埼玉県,73期,48
モリオカ(株),愛知県,71期,1298.105
モリオカ(株),愛知県,72期,756.765
モリオカ(株),愛知県,73期,301.49
モリオカ(株),岡山県,71期,11
モリオカ(株),岡山県,73期,2
モリオカ(株),岐阜県,71期,133.4
モリオカ(株),岐阜県,72期,86.69
モリオカ(株),岐阜県,73期,83.122
モリオカ(株),宮城県,71期,0.02
モリオカ(株),京都府,73期,4
モリオカ(株),熊本県,71期,2.22
モリオカ(株),熊本県,72期,0.76
モリオカ(株),群馬県,71期,1.6
モリオカ(株),広島県,71期,0.02
モリオカ(株),埼玉県,71期,8.02
モリオカ(株),埼玉県,72期,2.3
モリオカ(株),埼玉県,73期,1
モリオカ(株),三重県,71期,888.85
モリオカ(株),三重県,72期,591.365
モリオカ(株),三重県,73期,526.985
モリオカ(株),山形県,71期,0.02
モリオカ(株),山口県,71期,5
モリオカ(株),山口県,72期,10
モリオカ(株),山口県,73期,10
モリオカ(株),滋賀県,71期,324.92
モリオカ(株),滋賀県,72期,143.52
モリオカ(株),滋賀県,73期,81.1
モリオカ(株),鹿児島県,71期,9.36
モリオカ(株),新潟県,72期,10.88
モリオカ(株),神奈川県,71期,9.44
モリオカ(株),神奈川県,72期,0.02
モリオカ(株),静岡県,71期,707.94
モリオカ(株),静岡県,72期,438.78
モリオカ(株),静岡県,73期,325.76
モリオカ(株),石川県,71期,13.6
モリオカ(株),石川県,72期,0.6
モリオカ(株),石川県,73期,1
モリオカ(株),千葉県,71期,0.64
モリオカ(株),千葉県,72期,0.4
モリオカ(株),千葉県,73期,0.06
モリオカ(株),大阪府,71期,0.66
モリオカ(株),大阪府,72期,0.76
モリオカ(株),大阪府,73期,0.2
モリオカ(株),大分県,71期,0.36
モリオカ(株),大分県,72期,0.52
モリオカ(株),長野県,71期,7.06
モリオカ(株),長野県,72期,6.6
モリオカ(株),長野県,73期,3.68
モリオカ(株),鳥取県,71期,148.1
モリオカ(株),鳥取県,72期,60
モリオカ(株),鳥取県,73期,12
モリオカ(株),島根県,73期,0.27
モリオカ(株),徳島県,72期,4
モリオカ(株),栃木県,71期,0.8
モリオカ(株),栃木県,72期,1.2
モリオカ(株),栃木県,73期,1.42
モリオカ(株),奈良県,71期,17.8
モリオカ(株),奈良県,72期,27.38
モリオカ(株),奈良県,73期,12
モリオカ(株),富山県,71期,117.895
モリオカ(株),富山県,72期,41.14
モリオカ(株),富山県,73期,15.5
モリオカ(株),福井県,71期,7.8
モリオカ(株),福井県,72期,5.3
モリオカ(株),福井県,73期,1.6
モリオカ(株),福岡県,73期,4.21
モリオカ(株),福島県,71期,6
モリオカ(株),福島県,72期,6
モリオカ(株),兵庫県,71期,23.04
モリオカ(株),兵庫県,72期,16
モリオカ(株),北海道,72期,5
ヤマハ林製陶,愛知県,71期,3.6
ヤマハ林製陶,愛知県,72期,6.2
ヤマハ林製陶,愛知県,73期,1.2
ようてい農協,北海道,71期,0
ようてい農協,北海道,72期,0
旭肥料(株),神奈川県,71期,155.72
旭肥料(株),神奈川県,72期,67.24
旭肥料(株),神奈川県,73期,100.75
伊達市農業協同組合,北海道,71期,62.5
伊達市農業協同組合,北海道,72期,0
伊達市農業協同組合,北海道,73期,0
伊藤市朗商店,愛知県,71期,22.8
伊藤市朗商店,愛知県,72期,2.4
伊藤市朗商店,愛知県,73期,3.6
伊藤市朗商店,岡山県,71期,0.28
伊藤市朗商店,岡山県,72期,0.36
伊藤市朗商店,岡山県,73期,0.28
伊藤市朗商店,長野県,71期,2.18
伊藤市朗商店,長野県,72期,1.6
稲垣肥料店,三重県,71期,4.2
稲垣肥料店,三重県,72期,2
稲垣肥料店,三重県,73期,2.2
遠藤喜幸,長野県,71期,39
遠藤喜幸,長野県,72期,36.75
遠藤喜幸,長野県,73期,22.5
奥村商事(株),茨城県,71期,8.23
奥村商事(株),茨城県,72期,18.13
奥村商事(株),茨城県,73期,6.53
奥村商事(株),山梨県,71期,0.62
奥村商事(株),山梨県,72期,0.62
奥村商事(株),神奈川県,71期,0.02
奥村商事(株),神奈川県,72期,0.02
奥村商事(株),千葉県,71期,0.6
奥村商事(株),千葉県,72期,2.2
奥村商事(株),千葉県,73期,111.195
岡本物産,和歌山県,71期,90.38
岡本物産,和歌山県,72期,67.68
岡本物産,和歌山県,73期,33.354
加藤肥料店,埼玉県,71期,23.4
加藤肥料店,埼玉県,72期,12.055
加藤肥料店,埼玉県,73期,16.97
叶産業株式会社,広島県,71期,0.72
叶産業株式会社,高知県,72期,0.75
叶産業株式会社,高知県,73期,0.75
叶産業株式会社,大阪府,71期,110.75
叶産業株式会社,大阪府,72期,33.055
叶産業株式会社,大阪府,73期,24.9
叶産業株式会社,奈良県,71期,113.806
叶産業株式会社,奈良県,72期,40.28
叶産業株式会社,奈良県,73期,39.41
叶産業株式会社,和歌山県,71期,59.55
叶産業株式会社,和歌山県,72期,37.754
叶産業株式会社,和歌山県,73期,27.6
株式会社 アイム,茨城県,72期,0.2
株式会社 アイム,宮崎県,73期,0.1
株式会社 アイム,熊本県,71期,0.2
株式会社 アイム,熊本県,72期,0.42
株式会社 アイム,熊本県,73期,-0.19
株式会社 アイム,埼玉県,71期,0.72
株式会社 アイム,埼玉県,72期,1.31
株式会社 アイム,埼玉県,73期,0.2
株式会社 アイム,三重県,71期,0.05
株式会社 アイム,三重県,72期,0.07
株式会社 アイム,三重県,73期,0.05
株式会社 アイム,山口県,71期,0.1
株式会社 アイム,山口県,72期,0.1
株式会社 アイム,山口県,73期,0.2
株式会社 アイム,鹿児島県,71期,0.73
株式会社 アイム,鹿児島県,72期,0.53
株式会社 アイム,鹿児島県,73期,0.44
株式会社 アイム,新潟県,71期,2.53
株式会社 アイム,新潟県,72期,2.19
株式会社 アイム,新潟県,73期,1.09
株式会社 アイム,神奈川県,71期,4.14
株式会社 アイム,神奈川県,72期,1.96
株式会社 アイム,神奈川県,73期,1.44
株式会社 アイム,静岡県,71期,0.2
株式会社 アイム,静岡県,72期,0.21
株式会社 アイム,静岡県,73期,0.1
株式会社 アイム,千葉県,72期,0.06
株式会社 アイム,千葉県,73期,0.02
株式会社 アイム,大阪府,71期,2
株式会社 アイム,東京都,71期,30.03
株式会社 アイム,東京都,72期,0.652
株式会社 アイム,東京都,73期,0.52
株式会社 アイム,兵庫県,71期,0.25
株式会社 アイム,兵庫県,72期,0.05
株式会社 アイム,兵庫県,73期,0.06
株式会社 アイム,和歌山県,71期,0.16
株式会社 アイム,和歌山県,72期,0.12
株式会社 アイム,和歌山県,73期,0.06
株式会社 ミドリ,群馬県,73期,5
株式会社 ミドリ,埼玉県,71期,38.43
株式会社 ミドリ,埼玉県,72期,28.9
株式会社 ミドリ,埼玉県,73期,3.62
株式会社 ミドリ,山梨県,71期,9.72
株式会社 ミドリ,山梨県,72期,1.74
株式会社 ミドリ,山梨県,73期,0.24
株式会社 ミドリ,滋賀県,71期,2.505
株式会社 ミドリ,滋賀県,72期,2.4
株式会社 ミドリ,新潟県,71期,4.48
株式会社 ミドリ,新潟県,72期,4.48
株式会社 ミドリ,神奈川県,71期,0.02
株式会社 ミドリ,静岡県,71期,8
株式会社 ミドリ,千葉県,71期,18
株式会社 ミドリ,千葉県,72期,16
株式会社 ミドリ,長野県,71期,0.36
株式会社 ミドリ,長野県,72期,0.36
株式会社 ミドリ,東京都,71期,0.08
株式会社 ミドリ,東京都,72期,0.3
株式会社 ミドリ,福島県,72期,0.9
株式会社 ヰセキ東北,岩手県,71期,0.86
株式会社 ヰセキ東北,岩手県,72期,1.8
株式会社 ヰセキ東北,岩手県,73期,2.2
株式会社 篠田商会,岐阜県,71期,82
株式会社 篠田商会,岐阜県,72期,12
株式会社 篠田商会,岐阜県,73期,38.4
株式会社 日陶,栃木県,72期,3.6
株式会社 日陶,栃木県,73期,7.9
株式会社アイム大阪,愛知県,72期,5.42
株式会社アイム大阪,愛媛県,71期,34.6
株式会社アイム大阪,愛媛県,73期,7.006
株式会社アイム大阪,岡山県,71期,3
株式会社アイム大阪,岡山県,72期,3
株式会社アイム大阪,岐阜県,71期,15
株式会社アイム大阪,岐阜県,72期,3.6
株式会社アイム大阪,京都府,71期,0.6
株式会社アイム大阪,埼玉県,72期,4.4
株式会社アイム大阪,三重県,71期,14.92
株式会社アイム大阪,三重県,72期,9
株式会社アイム大阪,三重県,73期,0.3
株式会社アイム大阪,山口県,71期,16
株式会社アイム大阪,山口県,72期,8
株式会社アイム大阪,山口県,73期,0.4
株式会社アイム大阪,滋賀県,72期,14.52
株式会社アイム大阪,東京都,73期,0.5
株式会社アイム大阪,奈良県,71期,3.24
株式会社アイム大阪,奈良県,72期,7
株式会社アイム大阪,福岡県,71期,14.003
株式会社アイム大阪,福岡県,72期,16
株式会社アイム大阪,兵庫県,71期,22.2
株式会社アイム大阪,兵庫県,72期,40.4
株式会社アイム大阪,和歌山県,71期,2
株式会社アイム大阪,和歌山県,72期,2
株式会社アイム大阪,和歌山県,73期,2
株式会社アクト・ビズ,愛知県,71期,1
株式会社アクト・ビズ,愛知県,72期,9
株式会社ｱｸﾞﾛ信州,長野県,71期,0.4
株式会社ｱｸﾞﾛ信州,長野県,72期,0.46
株式会社ｸﾞﾗﾝﾋﾞｭｰ,東京都,71期,13.55
株式会社ｸﾞﾗﾝﾋﾞｭｰ,東京都,72期,6.86
株式会社ｸﾞﾗﾝﾋﾞｭｰ,東京都,73期,7
株式会社ｻｶｴｸﾞﾘｰﾝ,愛知県,71期,2.57
株式会社ｻｶｴｸﾞﾘｰﾝ,愛知県,72期,2.57
株式会社ｻｶｴｸﾞﾘｰﾝ,愛知県,73期,2.2
株式会社ｻｶｴｸﾞﾘｰﾝ,埼玉県,71期,4
株式会社ｻｶｴｸﾞﾘｰﾝ,新潟県,71期,2.325
株式会社ｻｶｴｸﾞﾘｰﾝ,新潟県,72期,1.77
株式会社ｻｶｴｸﾞﾘｰﾝ,新潟県,73期,0.375
株式会社ｻｶｴｸﾞﾘｰﾝ,富山県,71期,30.03
株式会社ｻｶｴｸﾞﾘｰﾝ,富山県,72期,24.56
株式会社ｻｶｴｸﾞﾘｰﾝ,富山県,73期,7.47
株式会社デメテル,栃木県,71期,556.7
株式会社デメテル,栃木県,72期,521.9
株式会社デメテル,栃木県,73期,227.7
株式会社ビリーフ,愛知県,71期,0.4
株式会社ビリーフ,愛知県,72期,0.26
株式会社ビリーフ,三重県,72期,6.3
株式会社ミズホ,岐阜県,71期,256.377
株式会社ミズホ,岐阜県,72期,134.467
株式会社ミズホ,岐阜県,73期,20.393
株式会社ミズホ,北海道,71期,37
株式会社ミズホ,北海道,72期,12.8
株式会社みちのく松善,青森県,71期,645.4
株式会社みちのく松善,青森県,72期,413.91
株式会社みちのく松善,青森県,73期,256.16
株式会社ヤマダ,和歌山県,72期,2
株式会社ﾘｵﾌｼﾞﾜﾗｶﾝﾄﾘｰ,三重県,71期,1.41
株式会社ﾘｵﾌｼﾞﾜﾗｶﾝﾄﾘｰ,三重県,72期,1.4
株式会社ﾘｵﾌｼﾞﾜﾗｶﾝﾄﾘｰ,三重県,73期,0.4
株式会社河原崎商事,静岡県,71期,234.917
株式会社河原崎商事,静岡県,72期,229.035
株式会社河原崎商事,静岡県,73期,139.468
株式会社佐藤商店,長野県,71期,4.986
株式会社佐藤商店,長野県,72期,15.767
株式会社佐藤商店,長野県,73期,9.972
株式会社清水屋,静岡県,71期,49.4
株式会社清水屋,静岡県,72期,27.66
株式会社清水肥料店,埼玉県,71期,71.03
株式会社清水肥料店,埼玉県,72期,48.97
株式会社清水肥料店,埼玉県,73期,20.5
株式会社石沢商事,富山県,71期,0.17
株式会社石沢商事,富山県,72期,0.4
株式会社石沢商事,富山県,73期,0.47
株式会社太栄産業,熊本県,71期,112.544
株式会社太栄産業,熊本県,72期,125.266
株式会社太栄産業,熊本県,73期,5.04
株式会社中川ｸﾞﾘ-ﾝﾃｯｸ,愛知県,71期,3.3
株式会社中川ｸﾞﾘ-ﾝﾃｯｸ,愛知県,72期,2.472
株式会社中川ｸﾞﾘ-ﾝﾃｯｸ,愛知県,73期,0.84
株式会社中部興産,鳥取県,71期,39.015
株式会社中部興産,鳥取県,72期,169
株式会社中部興産,鳥取県,73期,65
株式会社中部興産,島根県,71期,163
株式会社刀川平和農園,愛知県,71期,25.2
株式会社刀川平和農園,栃木県,71期,305.66
株式会社刀川平和農園,栃木県,72期,72.4
株式会社刀川平和農園,栃木県,73期,51.8
株式会社比毛商店,茨城県,71期,109.3
株式会社比毛商店,茨城県,72期,53.8
株式会社比毛商店,茨城県,73期,14.2
株式会社服部,三重県,71期,934.08
株式会社服部,三重県,72期,487.27
株式会社服部,三重県,73期,496.23
㈱welzo,宮崎県,71期,612.14
㈱welzo,宮崎県,72期,439.554
㈱welzo,宮崎県,73期,159.824
㈱welzo,熊本県,71期,528.719
㈱welzo,熊本県,72期,463.319
㈱welzo,熊本県,73期,202.674
㈱welzo,佐賀県,72期,0.012
㈱welzo,山口県,71期,7
㈱welzo,山口県,72期,10.71
㈱welzo,山口県,73期,7.33
㈱welzo,鹿児島県,71期,424.59
㈱welzo,鹿児島県,72期,308.195
㈱welzo,鹿児島県,73期,161.884
㈱welzo,大分県,71期,59.165
㈱welzo,大分県,72期,65.59
㈱welzo,大分県,73期,12
㈱welzo,長崎県,71期,418.83
㈱welzo,長崎県,72期,326.94
㈱welzo,長崎県,73期,132.075
㈱welzo,福岡県,71期,212.141
㈱welzo,福岡県,72期,239.144
㈱welzo,福岡県,73期,106.317
㈱ﾗﾝﾄﾞｻｲｴﾝｽ,鳥取県,72期,1.515
㈱近藤,愛知県,73期,12
㈱九州ﾌｧｰﾑ物流,宮崎県,72期,0.057
㈱九州ﾌｧｰﾑ物流,宮崎県,73期,0.115
㈱刀川平和農園西日本,愛知県,71期,184.8
㈱刀川平和農園西日本,愛知県,72期,343
㈱刀川平和農園西日本,愛知県,73期,133.8
関東電工(株)営業部,愛知県,71期,571
関東電工(株)営業部,愛知県,72期,419
関東電工(株)営業部,愛知県,73期,228
関東電工(株)営業部,三重県,73期,24
丸一物産(株),静岡県,72期,5
丸一物産(株),静岡県,73期,2
丸七商事(株)新潟本社,宮城県,71期,2.21
丸七商事(株)新潟本社,宮城県,72期,2.4
丸七商事(株)新潟本社,宮城県,73期,1.5
丸七商事(株)新潟本社,新潟県,73期,0.02
丸伸興業株式会社,岐阜県,71期,20.87
丸伸興業株式会社,岐阜県,72期,14.88
丸伸興業株式会社,岐阜県,73期,3
丸西産業(株),熊本県,71期,11.5
丸西産業(株),長野県,71期,413.01
丸西産業(株),長野県,72期,338.47
丸西産業(株),長野県,73期,58
丸善薬品産業(株),北海道,71期,803.435
丸善薬品産業(株),北海道,72期,823.3
丸善薬品産業(株),北海道,73期,520.96
丸善薬品産業(株)東京,神奈川県,71期,16.5
吉田起業株式会社,愛知県,71期,21.7
吉田起業株式会社,愛知県,72期,21.604
吉田起業株式会社,愛知県,73期,14.4
客屋岩下農材,熊本県,71期,458.896
客屋岩下農材,熊本県,72期,301.87
客屋岩下農材,熊本県,73期,103.504
客屋岩下農材,大分県,71期,0.2
客屋岩下農材,大分県,72期,0.2
宮本産業(株),岡山県,72期,0
宮本産業(株),兵庫県,71期,187.45
宮本産業(株),兵庫県,72期,101.237
宮本産業(株),兵庫県,73期,69.765
宮本商事(株),千葉県,71期,304.5
宮本商事(株),千葉県,72期,357.405
宮本商事(株),千葉県,73期,271.27
九州日紅㈱宮崎営業所,宮崎県,71期,1
九州日紅㈱宮崎営業所,宮崎県,72期,1
九州日紅㈱九州中部,熊本県,71期,7.84
九州日紅㈱九州中部,熊本県,72期,8.86
九州日紅㈱九州中部,熊本県,73期,1
九州日紅㈱九州南第一,鹿児島県,71期,39.4
九州日紅㈱九州南第一,鹿児島県,72期,16
九州日紅㈱九州南第一,鹿児島県,73期,6.8
九州日紅㈱九州南第二,鹿児島県,73期,9
九州日紅㈱九州北第一,佐賀県,71期,5
九州日紅㈱九州北第二,長崎県,71期,11.86
九州日紅㈱九州北第二,長崎県,72期,6.78
九州日紅㈱大分,大分県,71期,6
九州日紅㈱大分,大分県,72期,1.04
九州日紅㈱大分,大分県,73期,0.6
九州日紅㈱福岡営業所,福岡県,71期,15.9
九州日紅㈱福岡営業所,福岡県,72期,5.5
九州日紅㈱福岡営業所,福岡県,73期,5
群馬協同(株),茨城県,73期,0.012
群馬協同(株),群馬県,71期,277.46
群馬協同(株),群馬県,72期,103.86
群馬協同(株),群馬県,73期,105.2
群馬協同(株),埼玉県,71期,112
群馬協同(株),埼玉県,72期,67
群馬協同(株),大分県,71期,14
兼松ｱｸﾞﾘﾃｯｸ(株),埼玉県,71期,139.37
古山商店,千葉県,71期,6.976
古山商店,千葉県,72期,13.98
古山商店,千葉県,73期,5.85
古川商店,千葉県,71期,18
古川商店,千葉県,72期,14
古川商店,千葉県,73期,9.2
広本肥料株式会社,兵庫県,71期,204.53
広本肥料株式会社,兵庫県,72期,153.41
広本肥料株式会社,兵庫県,73期,70.666
甲信商事(株),山梨県,72期,0.75
甲信商事(株),神奈川県,72期,0.02
甲信商事(株),長野県,71期,207.505
甲信商事(株),長野県,72期,170.355
甲信商事(株),長野県,73期,50.41
甲信商事(株)甲府支店,山梨県,71期,49.27
甲信商事(株)甲府支店,山梨県,72期,55.94
甲信商事(株)甲府支店,山梨県,73期,35.4
高橋商事(株),群馬県,71期,0.12
高橋商事(株),群馬県,72期,0.1
高橋商事(株),栃木県,71期,402.265
高橋商事(株),栃木県,72期,466.11
高橋商事(株),栃木県,73期,223.31
合同会社ハタノ,東京都,71期,28
合同会社ハタノ,東京都,72期,18.72
合同会社ハタノ,東京都,73期,11.46
今西肥飼料店,京都府,71期,62.9
今西肥飼料店,京都府,72期,60.85
今西肥飼料店,京都府,73期,38.55
根本商店,千葉県,71期,121.746
根本商店,千葉県,72期,62.901
根本商店,千葉県,73期,43.507
砂押ｱｸﾞﾘﾝ株式会社,茨城県,71期,1180.095
砂押ｱｸﾞﾘﾝ株式会社,茨城県,72期,947.86
砂押ｱｸﾞﾘﾝ株式会社,茨城県,73期,644.84
砂押ｱｸﾞﾘﾝ株式会社,岡山県,71期,4.2
砂押ｱｸﾞﾘﾝ株式会社,千葉県,71期,10
砂押ｱｸﾞﾘﾝ株式会社,千葉県,73期,16
砂押ｱｸﾞﾘﾝ株式会社,栃木県,73期,16
砂押ｱｸﾞﾘﾝ株式会社,福島県,72期,5.7
砂押ｱｸﾞﾘﾝ株式会社,福島県,73期,13.6
坂本肥料店,兵庫県,73期,8
埼玉農工幾料販売(株),埼玉県,71期,2.56
埼玉農工幾料販売(株),埼玉県,72期,1
埼玉農工幾料販売(株),埼玉県,73期,0.5
三井物産ｱｸﾞﾛ ﾘﾃｰﾙ室,愛知県,71期,22
三井物産ｱｸﾞﾛ ﾘﾃｰﾙ室,茨城県,71期,2310.66
三井物産ｱｸﾞﾛ ﾘﾃｰﾙ室,茨城県,72期,1753.075
三井物産ｱｸﾞﾛ ﾘﾃｰﾙ室,茨城県,73期,508
三井物産ｱｸﾞﾛ ﾘﾃｰﾙ室,岡山県,71期,338.8
三井物産ｱｸﾞﾛ ﾘﾃｰﾙ室,岡山県,72期,130.2
三井物産ｱｸﾞﾛ ﾘﾃｰﾙ室,岩手県,71期,76
三井物産ｱｸﾞﾛ ﾘﾃｰﾙ室,岩手県,72期,90
三井物産ｱｸﾞﾛ ﾘﾃｰﾙ室,岩手県,73期,13
三井物産ｱｸﾞﾛ ﾘﾃｰﾙ室,岐阜県,71期,522.1
三井物産ｱｸﾞﾛ ﾘﾃｰﾙ室,岐阜県,72期,828.7
三井物産ｱｸﾞﾛ ﾘﾃｰﾙ室,岐阜県,73期,409
三井物産ｱｸﾞﾛ ﾘﾃｰﾙ室,宮城県,71期,140.2
三井物産ｱｸﾞﾛ ﾘﾃｰﾙ室,宮城県,72期,208
三井物産ｱｸﾞﾛ ﾘﾃｰﾙ室,宮城県,73期,39
三井物産ｱｸﾞﾛ ﾘﾃｰﾙ室,熊本県,71期,114.4
三井物産ｱｸﾞﾛ ﾘﾃｰﾙ室,熊本県,72期,12.9
三井物産ｱｸﾞﾛ ﾘﾃｰﾙ室,群馬県,71期,117.2
三井物産ｱｸﾞﾛ ﾘﾃｰﾙ室,群馬県,72期,91
三井物産ｱｸﾞﾛ ﾘﾃｰﾙ室,佐賀県,71期,94.46
三井物産ｱｸﾞﾛ ﾘﾃｰﾙ室,三重県,71期,657.6
三井物産ｱｸﾞﾛ ﾘﾃｰﾙ室,三重県,72期,403
三井物産ｱｸﾞﾛ ﾘﾃｰﾙ室,三重県,73期,277
三井物産ｱｸﾞﾛ ﾘﾃｰﾙ室,山形県,71期,39
三井物産ｱｸﾞﾛ ﾘﾃｰﾙ室,山形県,72期,13
三井物産ｱｸﾞﾛ ﾘﾃｰﾙ室,山形県,73期,13
三井物産ｱｸﾞﾛ ﾘﾃｰﾙ室,滋賀県,71期,40
三井物産ｱｸﾞﾛ ﾘﾃｰﾙ室,秋田県,71期,260.6
三井物産ｱｸﾞﾛ ﾘﾃｰﾙ室,秋田県,72期,182
三井物産ｱｸﾞﾛ ﾘﾃｰﾙ室,秋田県,73期,26
三井物産ｱｸﾞﾛ ﾘﾃｰﾙ室,新潟県,71期,212.92
三井物産ｱｸﾞﾛ ﾘﾃｰﾙ室,新潟県,72期,312.4
三井物産ｱｸﾞﾛ ﾘﾃｰﾙ室,新潟県,73期,20.06
三井物産ｱｸﾞﾛ ﾘﾃｰﾙ室,静岡県,71期,90.72
三井物産ｱｸﾞﾛ ﾘﾃｰﾙ室,静岡県,72期,23.88
三井物産ｱｸﾞﾛ ﾘﾃｰﾙ室,静岡県,73期,37
三井物産ｱｸﾞﾛ ﾘﾃｰﾙ室,石川県,71期,80.98
三井物産ｱｸﾞﾛ ﾘﾃｰﾙ室,石川県,72期,65
三井物産ｱｸﾞﾛ ﾘﾃｰﾙ室,石川県,73期,13
三井物産ｱｸﾞﾛ ﾘﾃｰﾙ室,千葉県,71期,220
三井物産ｱｸﾞﾛ ﾘﾃｰﾙ室,千葉県,72期,37
三井物産ｱｸﾞﾛ ﾘﾃｰﾙ室,千葉県,73期,180
三井物産ｱｸﾞﾛ ﾘﾃｰﾙ室,大分県,71期,104.18
三井物産ｱｸﾞﾛ ﾘﾃｰﾙ室,長崎県,71期,58
三井物産ｱｸﾞﾛ ﾘﾃｰﾙ室,長崎県,72期,12
三井物産ｱｸﾞﾛ ﾘﾃｰﾙ室,栃木県,71期,801.015
三井物産ｱｸﾞﾛ ﾘﾃｰﾙ室,栃木県,72期,683
三井物産ｱｸﾞﾛ ﾘﾃｰﾙ室,栃木県,73期,78
三井物産ｱｸﾞﾛ ﾘﾃｰﾙ室,富山県,71期,41.8
三井物産ｱｸﾞﾛ ﾘﾃｰﾙ室,富山県,72期,51
三井物産ｱｸﾞﾛ ﾘﾃｰﾙ室,福井県,71期,24
三井物産ｱｸﾞﾛ ﾘﾃｰﾙ室,福島県,71期,91.2
三井物産ｱｸﾞﾛ ﾘﾃｰﾙ室,福島県,72期,302.35
三井物産ｱｸﾞﾛ ﾘﾃｰﾙ室,福島県,73期,39
三井物産ｱｸﾞﾛ ﾘﾃｰﾙ室,北海道,71期,233
三井物産ｱｸﾞﾛﾋﾞｼﾞﾈｽ㈱,愛知県,71期,5
三井物産ｱｸﾞﾛﾋﾞｼﾞﾈｽ㈱,愛媛県,71期,6.2
三井物産ｱｸﾞﾛﾋﾞｼﾞﾈｽ㈱,愛媛県,72期,3.92
三井物産ｱｸﾞﾛﾋﾞｼﾞﾈｽ㈱,愛媛県,73期,2.2
三井物産ｱｸﾞﾛﾋﾞｼﾞﾈｽ㈱,茨城県,71期,2140.717
三井物産ｱｸﾞﾛﾋﾞｼﾞﾈｽ㈱,茨城県,72期,1575.157
三井物産ｱｸﾞﾛﾋﾞｼﾞﾈｽ㈱,茨城県,73期,780.51
三井物産ｱｸﾞﾛﾋﾞｼﾞﾈｽ㈱,岩手県,71期,336.34
三井物産ｱｸﾞﾛﾋﾞｼﾞﾈｽ㈱,岩手県,72期,267.475
三井物産ｱｸﾞﾛﾋﾞｼﾞﾈｽ㈱,岩手県,73期,126.245
三井物産ｱｸﾞﾛﾋﾞｼﾞﾈｽ㈱,宮崎県,71期,46.4
三井物産ｱｸﾞﾛﾋﾞｼﾞﾈｽ㈱,宮崎県,72期,23.295
三井物産ｱｸﾞﾛﾋﾞｼﾞﾈｽ㈱,宮崎県,73期,8.8
三井物産ｱｸﾞﾛﾋﾞｼﾞﾈｽ㈱,宮城県,71期,38
三井物産ｱｸﾞﾛﾋﾞｼﾞﾈｽ㈱,宮城県,72期,43.5
三井物産ｱｸﾞﾛﾋﾞｼﾞﾈｽ㈱,宮城県,73期,26.35
三井物産ｱｸﾞﾛﾋﾞｼﾞﾈｽ㈱,京都府,71期,0.6
三井物産ｱｸﾞﾛﾋﾞｼﾞﾈｽ㈱,熊本県,71期,47.965
三井物産ｱｸﾞﾛﾋﾞｼﾞﾈｽ㈱,熊本県,72期,31.351
三井物産ｱｸﾞﾛﾋﾞｼﾞﾈｽ㈱,熊本県,73期,23.411
三井物産ｱｸﾞﾛﾋﾞｼﾞﾈｽ㈱,群馬県,71期,1290.56
三井物産ｱｸﾞﾛﾋﾞｼﾞﾈｽ㈱,群馬県,72期,889.696
三井物産ｱｸﾞﾛﾋﾞｼﾞﾈｽ㈱,群馬県,73期,762.882
三井物産ｱｸﾞﾛﾋﾞｼﾞﾈｽ㈱,広島県,71期,0.8
三井物産ｱｸﾞﾛﾋﾞｼﾞﾈｽ㈱,広島県,72期,0.66
三井物産ｱｸﾞﾛﾋﾞｼﾞﾈｽ㈱,香川県,71期,2.4
三井物産ｱｸﾞﾛﾋﾞｼﾞﾈｽ㈱,香川県,72期,1.2
三井物産ｱｸﾞﾛﾋﾞｼﾞﾈｽ㈱,高知県,72期,2
三井物産ｱｸﾞﾛﾋﾞｼﾞﾈｽ㈱,佐賀県,71期,24.43
三井物産ｱｸﾞﾛﾋﾞｼﾞﾈｽ㈱,佐賀県,72期,1.52
三井物産ｱｸﾞﾛﾋﾞｼﾞﾈｽ㈱,佐賀県,73期,4.65
三井物産ｱｸﾞﾛﾋﾞｼﾞﾈｽ㈱,埼玉県,71期,21
三井物産ｱｸﾞﾛﾋﾞｼﾞﾈｽ㈱,埼玉県,72期,18.6
三井物産ｱｸﾞﾛﾋﾞｼﾞﾈｽ㈱,埼玉県,73期,49.3
三井物産ｱｸﾞﾛﾋﾞｼﾞﾈｽ㈱,三重県,71期,1.92
三井物産ｱｸﾞﾛﾋﾞｼﾞﾈｽ㈱,三重県,72期,1.16
三井物産ｱｸﾞﾛﾋﾞｼﾞﾈｽ㈱,山形県,71期,647.94
三井物産ｱｸﾞﾛﾋﾞｼﾞﾈｽ㈱,山形県,72期,315.651
三井物産ｱｸﾞﾛﾋﾞｼﾞﾈｽ㈱,山形県,73期,222.184
三井物産ｱｸﾞﾛﾋﾞｼﾞﾈｽ㈱,山口県,71期,0.04
三井物産ｱｸﾞﾛﾋﾞｼﾞﾈｽ㈱,山口県,72期,0.04
三井物産ｱｸﾞﾛﾋﾞｼﾞﾈｽ㈱,山口県,73期,0.1
三井物産ｱｸﾞﾛﾋﾞｼﾞﾈｽ㈱,山梨県,71期,57.35
三井物産ｱｸﾞﾛﾋﾞｼﾞﾈｽ㈱,山梨県,72期,43.07
三井物産ｱｸﾞﾛﾋﾞｼﾞﾈｽ㈱,山梨県,73期,40.113
三井物産ｱｸﾞﾛﾋﾞｼﾞﾈｽ㈱,鹿児島県,71期,26.6
三井物産ｱｸﾞﾛﾋﾞｼﾞﾈｽ㈱,鹿児島県,72期,33.2
三井物産ｱｸﾞﾛﾋﾞｼﾞﾈｽ㈱,鹿児島県,73期,0.18
三井物産ｱｸﾞﾛﾋﾞｼﾞﾈｽ㈱,秋田県,71期,433.835
三井物産ｱｸﾞﾛﾋﾞｼﾞﾈｽ㈱,秋田県,72期,426.92
三井物産ｱｸﾞﾛﾋﾞｼﾞﾈｽ㈱,秋田県,73期,146.525
三井物産ｱｸﾞﾛﾋﾞｼﾞﾈｽ㈱,新潟県,71期,457.695
三井物産ｱｸﾞﾛﾋﾞｼﾞﾈｽ㈱,新潟県,72期,295.345
三井物産ｱｸﾞﾛﾋﾞｼﾞﾈｽ㈱,新潟県,73期,175.79
三井物産ｱｸﾞﾛﾋﾞｼﾞﾈｽ㈱,神奈川県,72期,0.2
三井物産ｱｸﾞﾛﾋﾞｼﾞﾈｽ㈱,青森県,71期,2553.348
三井物産ｱｸﾞﾛﾋﾞｼﾞﾈｽ㈱,青森県,72期,2091.02
三井物産ｱｸﾞﾛﾋﾞｼﾞﾈｽ㈱,青森県,73期,1211.243
三井物産ｱｸﾞﾛﾋﾞｼﾞﾈｽ㈱,静岡県,72期,2
三井物産ｱｸﾞﾛﾋﾞｼﾞﾈｽ㈱,千葉県,71期,420.215
三井物産ｱｸﾞﾛﾋﾞｼﾞﾈｽ㈱,千葉県,72期,333.4
三井物産ｱｸﾞﾛﾋﾞｼﾞﾈｽ㈱,千葉県,73期,249.74
三井物産ｱｸﾞﾛﾋﾞｼﾞﾈｽ㈱,大阪府,71期,34.8
三井物産ｱｸﾞﾛﾋﾞｼﾞﾈｽ㈱,大阪府,72期,50.4
三井物産ｱｸﾞﾛﾋﾞｼﾞﾈｽ㈱,大阪府,73期,14
三井物産ｱｸﾞﾛﾋﾞｼﾞﾈｽ㈱,大分県,71期,41.61
三井物産ｱｸﾞﾛﾋﾞｼﾞﾈｽ㈱,大分県,72期,49.62
三井物産ｱｸﾞﾛﾋﾞｼﾞﾈｽ㈱,大分県,73期,11.2
三井物産ｱｸﾞﾛﾋﾞｼﾞﾈｽ㈱,長崎県,71期,168.66
三井物産ｱｸﾞﾛﾋﾞｼﾞﾈｽ㈱,長崎県,72期,78.94
三井物産ｱｸﾞﾛﾋﾞｼﾞﾈｽ㈱,長崎県,73期,41.72
三井物産ｱｸﾞﾛﾋﾞｼﾞﾈｽ㈱,長野県,71期,107.36
三井物産ｱｸﾞﾛﾋﾞｼﾞﾈｽ㈱,長野県,72期,38.62
三井物産ｱｸﾞﾛﾋﾞｼﾞﾈｽ㈱,長野県,73期,86.2
三井物産ｱｸﾞﾛﾋﾞｼﾞﾈｽ㈱,東京都,72期,0.11
三井物産ｱｸﾞﾛﾋﾞｼﾞﾈｽ㈱,東京都,73期,0.06
三井物産ｱｸﾞﾛﾋﾞｼﾞﾈｽ㈱,徳島県,71期,9.5
三井物産ｱｸﾞﾛﾋﾞｼﾞﾈｽ㈱,徳島県,72期,6.68
三井物産ｱｸﾞﾛﾋﾞｼﾞﾈｽ㈱,徳島県,73期,8.88
三井物産ｱｸﾞﾛﾋﾞｼﾞﾈｽ㈱,栃木県,71期,1186.14
三井物産ｱｸﾞﾛﾋﾞｼﾞﾈｽ㈱,栃木県,72期,501.66
三井物産ｱｸﾞﾛﾋﾞｼﾞﾈｽ㈱,栃木県,73期,437.445
三井物産ｱｸﾞﾛﾋﾞｼﾞﾈｽ㈱,奈良県,71期,8
三井物産ｱｸﾞﾛﾋﾞｼﾞﾈｽ㈱,奈良県,72期,8
三井物産ｱｸﾞﾛﾋﾞｼﾞﾈｽ㈱,奈良県,73期,6
三井物産ｱｸﾞﾛﾋﾞｼﾞﾈｽ㈱,福岡県,71期,22.55
三井物産ｱｸﾞﾛﾋﾞｼﾞﾈｽ㈱,福岡県,72期,27.92
三井物産ｱｸﾞﾛﾋﾞｼﾞﾈｽ㈱,福岡県,73期,3.23
三井物産ｱｸﾞﾛﾋﾞｼﾞﾈｽ㈱,福島県,71期,156.325
三井物産ｱｸﾞﾛﾋﾞｼﾞﾈｽ㈱,福島県,72期,115.66
三井物産ｱｸﾞﾛﾋﾞｼﾞﾈｽ㈱,福島県,73期,63.575
三井物産ｱｸﾞﾛﾋﾞｼﾞﾈｽ㈱,兵庫県,71期,4
三井物産ｱｸﾞﾛﾋﾞｼﾞﾈｽ㈱,兵庫県,72期,4
三井物産ｱｸﾞﾛﾋﾞｼﾞﾈｽ㈱,兵庫県,73期,8
三井物産ｱｸﾞﾛﾋﾞｼﾞﾈｽ㈱,北海道,71期,28827.27
三井物産ｱｸﾞﾛﾋﾞｼﾞﾈｽ㈱,北海道,72期,26601.635
三井物産ｱｸﾞﾛﾋﾞｼﾞﾈｽ㈱,北海道,73期,12250.43
三井物産ｱｸﾞﾛﾋﾞｼﾞﾈｽ㈱,和歌山県,71期,23
三井物産ｱｸﾞﾛﾋﾞｼﾞﾈｽ㈱,和歌山県,72期,28
三井物産ｱｸﾞﾛﾋﾞｼﾞﾈｽ㈱,和歌山県,73期,12
三階屋株式会社,山梨県,71期,2.26
三階屋株式会社,山梨県,72期,1.2
三階屋株式会社,山梨県,73期,1
三菱商事ｱｸﾞﾘｻｰﾋﾞｽKK,熊本県,71期,26
三菱商事ｱｸﾞﾘｻｰﾋﾞｽKK,熊本県,72期,22
三菱商事ｱｸﾞﾘｻｰﾋﾞｽKK,熊本県,73期,20
三菱商事ｱｸﾞﾘｻｰﾋﾞｽKK,鹿児島県,71期,12
三菱商事ｱｸﾞﾘｻｰﾋﾞｽKK,鹿児島県,72期,18.4
三菱商事ｱｸﾞﾘｻｰﾋﾞｽ㈱,愛知県,71期,138.25
三菱商事ｱｸﾞﾘｻｰﾋﾞｽ㈱,愛知県,72期,125.715
三菱商事ｱｸﾞﾘｻｰﾋﾞｽ㈱,愛知県,73期,46.4
三菱商事ｱｸﾞﾘｻｰﾋﾞｽ㈱,茨城県,71期,134.34
三菱商事ｱｸﾞﾘｻｰﾋﾞｽ㈱,茨城県,72期,151.74
三菱商事ｱｸﾞﾘｻｰﾋﾞｽ㈱,茨城県,73期,4.34
三菱商事ｱｸﾞﾘｻｰﾋﾞｽ㈱,岐阜県,73期,7.02
三菱商事ｱｸﾞﾘｻｰﾋﾞｽ㈱,京都府,71期,20
三菱商事ｱｸﾞﾘｻｰﾋﾞｽ㈱,京都府,72期,15
三菱商事ｱｸﾞﾘｻｰﾋﾞｽ㈱,群馬県,71期,18
三菱商事ｱｸﾞﾘｻｰﾋﾞｽ㈱,群馬県,73期,53.08
三菱商事ｱｸﾞﾘｻｰﾋﾞｽ㈱,広島県,71期,4.2
三菱商事ｱｸﾞﾘｻｰﾋﾞｽ㈱,広島県,72期,2
三菱商事ｱｸﾞﾘｻｰﾋﾞｽ㈱,高知県,71期,6.4
三菱商事ｱｸﾞﾘｻｰﾋﾞｽ㈱,高知県,72期,3.4
三菱商事ｱｸﾞﾘｻｰﾋﾞｽ㈱,高知県,73期,3.2
三菱商事ｱｸﾞﾘｻｰﾋﾞｽ㈱,埼玉県,71期,60
三菱商事ｱｸﾞﾘｻｰﾋﾞｽ㈱,埼玉県,72期,62.9
三菱商事ｱｸﾞﾘｻｰﾋﾞｽ㈱,埼玉県,73期,16.6
三菱商事ｱｸﾞﾘｻｰﾋﾞｽ㈱,三重県,71期,20
三菱商事ｱｸﾞﾘｻｰﾋﾞｽ㈱,滋賀県,71期,23.04
三菱商事ｱｸﾞﾘｻｰﾋﾞｽ㈱,滋賀県,72期,11.8
三菱商事ｱｸﾞﾘｻｰﾋﾞｽ㈱,滋賀県,73期,3.8
三菱商事ｱｸﾞﾘｻｰﾋﾞｽ㈱,新潟県,71期,24.2
三菱商事ｱｸﾞﾘｻｰﾋﾞｽ㈱,新潟県,72期,18.9
三菱商事ｱｸﾞﾘｻｰﾋﾞｽ㈱,新潟県,73期,20.2
三菱商事ｱｸﾞﾘｻｰﾋﾞｽ㈱,千葉県,71期,17.2
三菱商事ｱｸﾞﾘｻｰﾋﾞｽ㈱,千葉県,72期,8
三菱商事ｱｸﾞﾘｻｰﾋﾞｽ㈱,千葉県,73期,2
三菱商事ｱｸﾞﾘｻｰﾋﾞｽ㈱,長野県,71期,0.6
三菱商事ｱｸﾞﾘｻｰﾋﾞｽ㈱,長野県,72期,0.6
三菱商事ｱｸﾞﾘｻｰﾋﾞｽ㈱,長野県,73期,78
三菱商事ｱｸﾞﾘｻｰﾋﾞｽ㈱,島根県,71期,5.2
三菱商事ｱｸﾞﾘｻｰﾋﾞｽ㈱,東京都,71期,136.08
三菱商事ｱｸﾞﾘｻｰﾋﾞｽ㈱,東京都,72期,96.106
三菱商事ｱｸﾞﾘｻｰﾋﾞｽ㈱,東京都,73期,72.18
三菱商事ｱｸﾞﾘｻｰﾋﾞｽ㈱,徳島県,71期,3
三菱商事ｱｸﾞﾘｻｰﾋﾞｽ㈱,徳島県,72期,6
三菱商事ｱｸﾞﾘｻｰﾋﾞｽ㈱,徳島県,73期,5.7
三菱商事ｱｸﾞﾘｻｰﾋﾞｽ㈱,栃木県,71期,151.4
三菱商事ｱｸﾞﾘｻｰﾋﾞｽ㈱,栃木県,72期,94.8
三菱商事ｱｸﾞﾘｻｰﾋﾞｽ㈱,栃木県,73期,3.2
三菱商事ｱｸﾞﾘｻｰﾋﾞｽ㈱,富山県,71期,6.325
三菱商事ｱｸﾞﾘｻｰﾋﾞｽ㈱,富山県,73期,1
三菱商事ｱｸﾞﾘｻｰﾋﾞｽ㈱,福島県,71期,35.644
三菱商事ｱｸﾞﾘｻｰﾋﾞｽ㈱,福島県,72期,57.92
三菱商事ｱｸﾞﾘｻｰﾋﾞｽ㈱,福島県,73期,46.81
三菱商事ｱｸﾞﾘｻｰﾋﾞｽ㈱,兵庫県,71期,57.4
三菱商事ｱｸﾞﾘｻｰﾋﾞｽ㈱,兵庫県,72期,16
三菱商事ｱｸﾞﾘｻｰﾋﾞｽ㈱,兵庫県,73期,4.4
三菱商事ｱｸﾞﾘｻｰﾋﾞｽ㈱,北海道,71期,70
三菱商事ｱｸﾞﾘｻｰﾋﾞｽ㈱,北海道,72期,27
三菱商事ｱｸﾞﾘｻ-ﾋﾞｽ㈱,北海道,71期,2301
三菱商事ｱｸﾞﾘｻ-ﾋﾞｽ㈱,北海道,72期,1827.52
三菱商事ｱｸﾞﾘｻ-ﾋﾞｽ㈱,北海道,73期,548.9
山森産業(株),北海道,73期,254
山米商事株式会社,宮城県,71期,24.72
山米商事株式会社,宮城県,72期,3.76
山米商事株式会社,宮城県,73期,8.78
山米商事株式会社,山形県,71期,1167.68
山米商事株式会社,山形県,72期,837.459
山米商事株式会社,山形県,73期,427.06
山米商事株式会社,秋田県,71期,2.22
山米商事株式会社,秋田県,72期,1.4
山本商事(株),福島県,71期,949.555
山本商事(株),福島県,72期,917.428
山本商事(株),福島県,73期,749.465
師定(株),愛知県,71期,31.57
師定(株),愛知県,72期,22.3
師定(株),愛知県,73期,12.45
寺嶋商店,千葉県,71期,7.3
寺嶋商店,千葉県,72期,4
自然応用 アグリ部,愛知県,71期,10.065
自然応用 アグリ部,愛知県,72期,5.375
自然応用 アグリ部,愛知県,73期,5.025
自然応用 アグリ部,三重県,71期,0.4
住商ｱｸﾞﾘ 釧路工場,北海道,71期,120
住商ｱｸﾞﾘ 釧路工場,北海道,72期,200
住商ｱｸﾞﾘ 十勝工場,北海道,71期,40
住商ｱｸﾞﾘ 十勝工場,北海道,72期,100
住商ｱｸﾞﾘﾋﾞｼﾞﾈｽ㈱,茨城県,71期,8.7
住商ｱｸﾞﾘﾋﾞｼﾞﾈｽ㈱,茨城県,72期,5.69
住商ｱｸﾞﾘﾋﾞｼﾞﾈｽ㈱,茨城県,73期,10.67
住商ｱｸﾞﾘﾋﾞｼﾞﾈｽ㈱,岩手県,71期,33
住商ｱｸﾞﾘﾋﾞｼﾞﾈｽ㈱,岩手県,72期,32.225
住商ｱｸﾞﾘﾋﾞｼﾞﾈｽ㈱,岩手県,73期,0.495
住商ｱｸﾞﾘﾋﾞｼﾞﾈｽ㈱,群馬県,71期,0.615
住商ｱｸﾞﾘﾋﾞｼﾞﾈｽ㈱,群馬県,72期,0.2
住商ｱｸﾞﾘﾋﾞｼﾞﾈｽ㈱,群馬県,73期,0.075
住商ｱｸﾞﾘﾋﾞｼﾞﾈｽ㈱,埼玉県,71期,0.62
住商ｱｸﾞﾘﾋﾞｼﾞﾈｽ㈱,埼玉県,72期,4.785
住商ｱｸﾞﾘﾋﾞｼﾞﾈｽ㈱,山形県,71期,13.6
住商ｱｸﾞﾘﾋﾞｼﾞﾈｽ㈱,山形県,72期,12
住商ｱｸﾞﾘﾋﾞｼﾞﾈｽ㈱,山形県,73期,1.7
住商ｱｸﾞﾘﾋﾞｼﾞﾈｽ㈱,秋田県,71期,170.075
住商ｱｸﾞﾘﾋﾞｼﾞﾈｽ㈱,秋田県,72期,204.075
住商ｱｸﾞﾘﾋﾞｼﾞﾈｽ㈱,秋田県,73期,42
住商ｱｸﾞﾘﾋﾞｼﾞﾈｽ㈱,新潟県,71期,15.18
住商ｱｸﾞﾘﾋﾞｼﾞﾈｽ㈱,新潟県,72期,0.55
住商ｱｸﾞﾘﾋﾞｼﾞﾈｽ㈱,神奈川県,71期,7.68
住商ｱｸﾞﾘﾋﾞｼﾞﾈｽ㈱,神奈川県,72期,1.66
住商ｱｸﾞﾘﾋﾞｼﾞﾈｽ㈱,青森県,71期,56.4
住商ｱｸﾞﾘﾋﾞｼﾞﾈｽ㈱,青森県,72期,45.7
住商ｱｸﾞﾘﾋﾞｼﾞﾈｽ㈱,青森県,73期,5.2
住商ｱｸﾞﾘﾋﾞｼﾞﾈｽ㈱,千葉県,71期,58.98
住商ｱｸﾞﾘﾋﾞｼﾞﾈｽ㈱,千葉県,72期,37.995
住商ｱｸﾞﾘﾋﾞｼﾞﾈｽ㈱,千葉県,73期,20.28
住商ｱｸﾞﾘﾋﾞｼﾞﾈｽ㈱,栃木県,71期,14
住商ｱｸﾞﾘﾋﾞｼﾞﾈｽ㈱,栃木県,72期,11.1
住商ｱｸﾞﾘﾋﾞｼﾞﾈｽ㈱,栃木県,73期,8.27
住商ｱｸﾞﾘﾋﾞｼﾞﾈｽ㈱,福島県,71期,37.5
住商ｱｸﾞﾘﾋﾞｼﾞﾈｽ㈱,福島県,72期,56.3
住商ｱｸﾞﾘﾋﾞｼﾞﾈｽ㈱,福島県,73期,15
住商ｱｸﾞﾘﾋﾞｼﾞﾈｽ㈱京都,京都府,71期,29.89
住商ｱｸﾞﾘﾋﾞｼﾞﾈｽ㈱京都,京都府,72期,50.77
住商ｱｸﾞﾘﾋﾞｼﾞﾈｽ㈱京都,京都府,73期,18.92
住商ｱｸﾞﾘﾋﾞｼﾞﾈｽ㈱京都,広島県,71期,8.14
住商ｱｸﾞﾘﾋﾞｼﾞﾈｽ㈱京都,広島県,72期,13.12
住商ｱｸﾞﾘﾋﾞｼﾞﾈｽ㈱京都,広島県,73期,5.12
住商ｱｸﾞﾘﾋﾞｼﾞﾈｽ㈱京都,高知県,71期,113.912
住商ｱｸﾞﾘﾋﾞｼﾞﾈｽ㈱京都,高知県,72期,46.232
住商ｱｸﾞﾘﾋﾞｼﾞﾈｽ㈱京都,高知県,73期,41.58
住商ｱｸﾞﾘﾋﾞｼﾞﾈｽ㈱京都,滋賀県,71期,10.14
住商ｱｸﾞﾘﾋﾞｼﾞﾈｽ㈱京都,滋賀県,72期,6.835
住商ｱｸﾞﾘﾋﾞｼﾞﾈｽ㈱京都,滋賀県,73期,4.405
住商ｱｸﾞﾘﾋﾞｼﾞﾈｽ㈱京都,奈良県,71期,10.988
住商ｱｸﾞﾘﾋﾞｼﾞﾈｽ㈱京都,奈良県,72期,10.38
住商ｱｸﾞﾘﾋﾞｼﾞﾈｽ㈱京都,奈良県,73期,10.4
住商ｱｸﾞﾘﾋﾞｼﾞﾈｽ㈱京都,兵庫県,71期,27.62
住商ｱｸﾞﾘﾋﾞｼﾞﾈｽ㈱京都,兵庫県,72期,15.88
住商ｱｸﾞﾘﾋﾞｼﾞﾈｽ㈱京都,兵庫県,73期,3.99
住商ｱｸﾞﾘﾋﾞｼﾞﾈｽ㈱九州,大分県,71期,115.2
住商ｱｸﾞﾘﾋﾞｼﾞﾈｽ㈱九州,大分県,72期,69.658
住商ｱｸﾞﾘﾋﾞｼﾞﾈｽ㈱九州,大分県,73期,12.309
住商ｱｸﾞﾘﾋﾞｼﾞﾈｽ北海道,北海道,72期,4
従業員(米),愛知県,71期,0
出口商店,福岡県,71期,38
出口商店,福岡県,72期,37
出口商店,福岡県,73期,20
諸口（協同）,愛知県,71期,0
諸口（協同）,愛知県,73期,0
諸口（協同）,岐阜県,72期,0.2
諸口（協同）,岐阜県,73期,0.24
諸口（協同）,東京都,71期,26.4
諸口（協同）,東京都,72期,0.024
諸口（協同）,富山県,71期,0.6
諸口（札幌）,北海道,71期,11.571
諸口（札幌）,北海道,72期,8.928
諸口（札幌）,北海道,73期,2.489
諸口（室蘭）,福島県,73期,0.072
諸口（室蘭）,北海道,71期,0
諸口（静岡）,山梨県,71期,0.012
諸口（静岡）,山梨県,72期,0.024
諸口（仙台）,宮城県,72期,0.024
諸口（仙台）,山形県,72期,0.024
諸口（仙台）,福島県,72期,0.04
諸口（千葉）,愛知県,71期,1
諸口（千葉）,茨城県,71期,0.72
諸口（千葉）,茨城県,72期,0.3
諸口（千葉）,茨城県,73期,0.45
諸口（千葉）,群馬県,71期,0.04
諸口（千葉）,新潟県,73期,0.1
諸口（千葉）,千葉県,71期,0.625
諸口（千葉）,千葉県,72期,0.629
諸口（千葉）,千葉県,73期,0.44
諸口（千葉）,長野県,73期,0.02
諸口（千葉）,栃木県,71期,0.468
諸口（千葉）,栃木県,72期,0.148
諸口（千葉）,福島県,72期,2
諸口（大阪）,岡山県,71期,0.02
諸口（大阪）,大阪府,72期,0.024
諸口（中菱）,愛知県,71期,2.36
諸口（中菱）,愛知県,72期,2.52
諸口（中菱）,愛知県,73期,2.26
諸口（福岡）,熊本県,72期,2.512
諸口（福岡）,福岡県,72期,0.012
諸口（福岡）,福岡県,73期,0.012
諸口（北肥）,北海道,71期,41.55
諸口（北肥）,北海道,72期,46.463
諸口（北肥）,北海道,73期,8.73
諸口（名古屋）,愛知県,71期,2.435
諸口（名古屋）,愛知県,72期,0.841
諸口（名古屋）,愛知県,73期,0.209
諸口（名古屋）,群馬県,71期,0.24
諸口（名古屋）,広島県,72期,0.03
諸口（名古屋）,埼玉県,71期,0.02
諸口（名古屋）,山梨県,71期,0.02
諸口（名古屋）,山梨県,72期,0.22
諸口（名古屋）,東京都,71期,0.02
諸口（名古屋）,栃木県,71期,0.1
小浦産業株式会社,京都府,71期,0.3
小浦産業株式会社,大阪府,71期,23.6
小浦産業株式会社,大阪府,72期,38.14
小浦産業株式会社,大阪府,73期,43.2
小浦産業株式会社,兵庫県,71期,15.96
小浦産業株式会社,兵庫県,72期,17.21
小浦産業株式会社,兵庫県,73期,21.9
小浦産業株式会社,和歌山県,71期,0.64
小浦産業株式会社,和歌山県,73期,0.04
小西安農業資材(株),愛知県,71期,5.56
小西安農業資材(株),愛知県,72期,2
小西安農業資材(株),愛知県,73期,2
小西安農業資材(株),愛媛県,71期,0.02
小西安農業資材(株),茨城県,71期,9.08
小西安農業資材(株),茨城県,72期,15.66
小西安農業資材(株),茨城県,73期,10.117
小西安農業資材(株),岡山県,71期,0.26
小西安農業資材(株),岡山県,72期,1.24
小西安農業資材(株),岡山県,73期,0.26
小西安農業資材(株),沖縄県,71期,0.2
小西安農業資材(株),岩手県,71期,458.029
小西安農業資材(株),岩手県,72期,330.865
小西安農業資材(株),岩手県,73期,87.764
小西安農業資材(株),岐阜県,71期,58.2
小西安農業資材(株),岐阜県,72期,6.16
小西安農業資材(株),岐阜県,73期,16.88
小西安農業資材(株),宮崎県,71期,0.34
小西安農業資材(株),宮崎県,72期,0.14
小西安農業資材(株),宮崎県,73期,0.32
小西安農業資材(株),宮城県,71期,223.737
小西安農業資材(株),宮城県,72期,60.16
小西安農業資材(株),宮城県,73期,31.821
小西安農業資材(株),京都府,73期,0.4
小西安農業資材(株),熊本県,71期,3.08
小西安農業資材(株),群馬県,71期,31.443
小西安農業資材(株),群馬県,72期,2.58
小西安農業資材(株),群馬県,73期,4.002
小西安農業資材(株),広島県,71期,25.9
小西安農業資材(株),広島県,72期,30.64
小西安農業資材(株),広島県,73期,10
小西安農業資材(株),香川県,71期,2
小西安農業資材(株),香川県,72期,1
小西安農業資材(株),埼玉県,71期,3.8
小西安農業資材(株),埼玉県,72期,3.86
小西安農業資材(株),埼玉県,73期,1.04
小西安農業資材(株),三重県,71期,0.02
小西安農業資材(株),三重県,72期,0.02
小西安農業資材(株),三重県,73期,0.4
小西安農業資材(株),山形県,71期,0.2
小西安農業資材(株),山口県,71期,0.32
小西安農業資材(株),山口県,72期,1.18
小西安農業資材(株),山口県,73期,1.04
小西安農業資材(株),山梨県,71期,5.98
小西安農業資材(株),山梨県,72期,3.32
小西安農業資材(株),山梨県,73期,5.04
小西安農業資材(株),滋賀県,71期,0.82
小西安農業資材(株),滋賀県,72期,0.76
小西安農業資材(株),滋賀県,73期,1.7
小西安農業資材(株),秋田県,71期,312.26
小西安農業資材(株),秋田県,72期,232.951
小西安農業資材(株),秋田県,73期,206.233
小西安農業資材(株),新潟県,71期,7.8
小西安農業資材(株),新潟県,72期,8
小西安農業資材(株),新潟県,73期,4
小西安農業資材(株),神奈川県,71期,3.34
小西安農業資材(株),神奈川県,72期,4.34
小西安農業資材(株),神奈川県,73期,2.2
小西安農業資材(株),青森県,71期,32.12
小西安農業資材(株),青森県,72期,27.98
小西安農業資材(株),青森県,73期,0.3
小西安農業資材(株),静岡県,71期,21.16
小西安農業資材(株),静岡県,72期,11.82
小西安農業資材(株),静岡県,73期,0.52
小西安農業資材(株),石川県,71期,3.02
小西安農業資材(株),石川県,73期,0.28
小西安農業資材(株),千葉県,71期,56.542
小西安農業資材(株),千葉県,72期,45.82
小西安農業資材(株),千葉県,73期,23.308
小西安農業資材(株),大阪府,71期,5.28
小西安農業資材(株),大阪府,72期,4.14
小西安農業資材(株),大阪府,73期,2.4
小西安農業資材(株),大分県,72期,0.4
小西安農業資材(株),長崎県,72期,1.12
小西安農業資材(株),長崎県,73期,0.3
小西安農業資材(株),長野県,71期,0.3
小西安農業資材(株),長野県,72期,0.4
小西安農業資材(株),長野県,73期,0.3
小西安農業資材(株),東京都,71期,8.18
小西安農業資材(株),東京都,72期,10.86
小西安農業資材(株),東京都,73期,2.5
小西安農業資材(株),徳島県,71期,1.6
小西安農業資材(株),徳島県,72期,0.8
小西安農業資材(株),徳島県,73期,0.4
小西安農業資材(株),栃木県,71期,5.16
小西安農業資材(株),栃木県,72期,5.46
小西安農業資材(株),栃木県,73期,2.04
小西安農業資材(株),奈良県,71期,0.24
小西安農業資材(株),奈良県,73期,0.3
小西安農業資材(株),富山県,71期,39.86
小西安農業資材(株),富山県,72期,39.4
小西安農業資材(株),富山県,73期,26.2
小西安農業資材(株),福井県,71期,0.12
小西安農業資材(株),福岡県,71期,2.62
小西安農業資材(株),福岡県,72期,7.3
小西安農業資材(株),福岡県,73期,6.16
小西安農業資材(株),福島県,71期,65.35
小西安農業資材(株),福島県,72期,132.98
小西安農業資材(株),福島県,73期,61.25
小西安農業資材(株),兵庫県,71期,4.38
小西安農業資材(株),兵庫県,72期,4.04
小西安農業資材(株),兵庫県,73期,4.46
小西安農業資材(株),北海道,71期,0.04
小島商産(株),栃木県,71期,31.9
小島商産(株),栃木県,72期,0.85
小島肥料(有),神奈川県,71期,97.1
小島肥料(有),神奈川県,72期,82.12
小島肥料(有),神奈川県,73期,25.63
松永種苗株式会社,愛知県,71期,14.105
松永種苗株式会社,愛知県,72期,5.961
松永種苗株式会社,愛知県,73期,1.828
松永種苗株式会社,愛媛県,71期,0.53
松永種苗株式会社,愛媛県,73期,0.566
松永種苗株式会社,岩手県,71期,0.995
松永種苗株式会社,岩手県,72期,1.743
松永種苗株式会社,岩手県,73期,0.865
松永種苗株式会社,岐阜県,71期,0.206
松永種苗株式会社,岐阜県,73期,0.074
松永種苗株式会社,宮崎県,71期,0.096
松永種苗株式会社,宮崎県,72期,0.12
松永種苗株式会社,宮崎県,73期,0.072
松永種苗株式会社,宮城県,71期,8.266
松永種苗株式会社,宮城県,72期,6.081
松永種苗株式会社,宮城県,73期,5.826
松永種苗株式会社,京都府,71期,0.269
松永種苗株式会社,京都府,72期,0.271
松永種苗株式会社,京都府,73期,0.141
松永種苗株式会社,熊本県,71期,0.064
松永種苗株式会社,熊本県,72期,0.064
松永種苗株式会社,広島県,71期,1.36
松永種苗株式会社,広島県,72期,0.736
松永種苗株式会社,広島県,73期,0.974
松永種苗株式会社,佐賀県,71期,1.994
松永種苗株式会社,佐賀県,72期,1.94
松永種苗株式会社,佐賀県,73期,0.942
松永種苗株式会社,山形県,71期,0.226
松永種苗株式会社,山形県,72期,0.108
松永種苗株式会社,山形県,73期,0.153
松永種苗株式会社,山口県,71期,0.144
松永種苗株式会社,山口県,72期,0.144
松永種苗株式会社,山口県,73期,0.072
松永種苗株式会社,山梨県,71期,0.456
松永種苗株式会社,山梨県,72期,0.384
松永種苗株式会社,山梨県,73期,0.264
松永種苗株式会社,滋賀県,71期,0.219
松永種苗株式会社,滋賀県,72期,0.223
松永種苗株式会社,鹿児島県,71期,0.438
松永種苗株式会社,鹿児島県,72期,0.121
松永種苗株式会社,鹿児島県,73期,0.244
松永種苗株式会社,秋田県,71期,0.345
松永種苗株式会社,秋田県,72期,0.474
松永種苗株式会社,静岡県,71期,0.072
松永種苗株式会社,静岡県,72期,0.072
松永種苗株式会社,千葉県,72期,0.132
松永種苗株式会社,大分県,72期,0.074
松永種苗株式会社,大分県,73期,0.024
松永種苗株式会社,長崎県,71期,0.171
松永種苗株式会社,長崎県,72期,0.264
松永種苗株式会社,長崎県,73期,0.074
松永種苗株式会社,長野県,71期,0.072
松永種苗株式会社,鳥取県,71期,0.073
松永種苗株式会社,鳥取県,72期,0.172
松永種苗株式会社,鳥取県,73期,0.117
松永種苗株式会社,島根県,71期,3.457
松永種苗株式会社,島根県,72期,0.764
松永種苗株式会社,島根県,73期,1.87
松永種苗株式会社,栃木県,72期,0.06
松永種苗株式会社,富山県,71期,0.697
松永種苗株式会社,富山県,72期,0.966
松永種苗株式会社,富山県,73期,0.391
松永種苗株式会社,福井県,71期,0.427
松永種苗株式会社,福岡県,71期,0.069
松永種苗株式会社,福岡県,72期,0.069
松永種苗株式会社,福岡県,73期,0.069
松永種苗株式会社,福島県,71期,0.498
松永種苗株式会社,福島県,72期,0.793
松永種苗株式会社,福島県,73期,0.446
松永種苗株式会社,兵庫県,71期,0.27
松永種苗株式会社,兵庫県,72期,0.073
松永種苗株式会社,兵庫県,73期,0.098
松尾弘之商店,大分県,71期,16
松尾弘之商店,大分県,72期,10.2
上岡肥料店,栃木県,71期,44.58
上岡肥料店,栃木県,72期,35.7
上岡肥料店,栃木県,73期,24.4
上島青果,熊本県,71期,5.48
上島青果,熊本県,72期,5.42
上島青果,熊本県,73期,5.56
常総肥料(株),茨城県,71期,1840.305
常総肥料(株),茨城県,72期,1278.495
常総肥料(株),茨城県,73期,488.492
新ｹﾐｶﾙ商事(株) 室蘭,北海道,72期,2
森産業株式会社,北海道,71期,972
森産業株式会社,北海道,72期,162
森六ｱｸﾞﾘ㈱関西営業所,京都府,71期,10
森六ｱｸﾞﾘ㈱関西営業所,京都府,72期,9
森六ｱｸﾞﾘ㈱関西営業所,兵庫県,71期,6.6
森六ｱｸﾞﾘ㈱関西営業所,兵庫県,72期,5.59
森六ｱｸﾞﾘ㈱関西営業所,兵庫県,73期,3.78
森六ｱｸﾞﾘ㈱関西営業所,和歌山県,72期,1.08
森六ｱｸﾞﾘ㈱関西営業所,和歌山県,73期,0.54
真仲商事(株),千葉県,71期,9.06
真仲商事(株),千葉県,72期,5.16
真仲商事(株),千葉県,73期,5
垂木屋肥料店,静岡県,71期,87.2
垂木屋肥料店,静岡県,72期,84.54
垂木屋肥料店,静岡県,73期,28.4
瀬戸商事株式会社,福島県,71期,36
瀬戸商事株式会社,福島県,72期,18
瀬戸商事株式会社,福島県,73期,14.98
清水商会,三重県,71期,12
清水商会,三重県,72期,9.58
清水商会,三重県,73期,4
清和商事(株) 長崎,長崎県,71期,0.1
清和商事(株) 長崎,福岡県,71期,0.4
清和肥料工業 和歌山,和歌山県,71期,2
清和肥料工業 和歌山,和歌山県,72期,1.5
清和肥料工業 和歌山,和歌山県,73期,2.5
生熊商店,静岡県,71期,7.28
生熊商店,静岡県,72期,2.23
生熊商店,静岡県,73期,1.9
西日本日紅株式会社,愛媛県,73期,0.6
西日本日紅株式会社,岡山県,71期,159.52
西日本日紅株式会社,岡山県,72期,134.585
西日本日紅株式会社,岡山県,73期,21.22
西日本日紅株式会社,広島県,71期,0.04
西日本日紅株式会社,香川県,71期,17.75
西日本日紅株式会社,香川県,72期,10.2
西日本日紅株式会社,香川県,73期,4.99
西日本日紅株式会社,鳥取県,71期,183.16
西日本日紅株式会社,鳥取県,72期,156.82
西日本日紅株式会社,鳥取県,73期,152.504
西日本日紅株式会社,徳島県,71期,1.64
西日本日紅株式会社,徳島県,72期,0.8
西日本日紅株式会社,徳島県,73期,0.82
西本肥料店,奈良県,71期,0.6
青木四郎商店,茨城県,71期,122.8
青木四郎商店,茨城県,72期,98.9
青木四郎商店,茨城県,73期,29.96
石井産業(株),千葉県,71期,10.2
石井産業(株),千葉県,72期,1.4
千成産業(株),埼玉県,71期,92.02
千成産業(株),埼玉県,72期,68.52
千成産業(株),埼玉県,73期,20.445
千成産業(株),東京都,72期,0.05
千代田肥糧(株),愛知県,71期,411.6
千代田肥糧(株),愛知県,72期,128.12
千代田肥糧(株),愛知県,73期,110.2
全開連（茨城）,茨城県,73期,23.419
全開連（埼玉）,埼玉県,71期,1.06
全開連（埼玉）,埼玉県,72期,0.1
全開連（長野）,長野県,71期,162.455
全開連（長野）,長野県,72期,151.75
全開連（長野）,長野県,73期,84.355
全開連（富士）,静岡県,71期,18.5
全開連（富士）,静岡県,72期,11.5
全開連（富士）,静岡県,73期,7
全開連（福岡）,鳥取県,71期,40
全開連（福岡）,鳥取県,72期,74.86
全開連（福岡）,鳥取県,73期,72.5
全開連（福岡）,島根県,73期,13
全農本所,原料供給県,71期,211.57
全農本所,原料供給県,72期,430.38
全農本所,原料供給県,73期,154.16
双葉肥料(株),静岡県,71期,74.26
双葉肥料(株),静岡県,72期,15.92
双葉肥料(株),静岡県,73期,36.82
相模肥糧(株),神奈川県,71期,448.95
相模肥糧(株),神奈川県,72期,244.71
相模肥糧(株),神奈川県,73期,26.4
相良物産(株),岐阜県,71期,59.6
相良物産(株),岐阜県,72期,43.46
相良物産(株),岐阜県,73期,14.72
相良物産(株),埼玉県,71期,13.2
相良物産(株),埼玉県,72期,12.96
相良物産(株),埼玉県,73期,6
相良物産(株),静岡県,71期,62.2
相良物産(株),静岡県,72期,52.9
相良物産(株),静岡県,73期,3
村松商店（焼津）,静岡県,71期,4.3
村松商店（焼津）,静岡県,72期,4.3
村松商店（浜松）,静岡県,71期,0.6
村松商店（浜松）,静岡県,72期,2
村松商店（浜松）,静岡県,73期,0.66
村松肥料株式会社,静岡県,71期,61.46
村松肥料株式会社,静岡県,72期,18.75
村上産業(株),愛媛県,71期,43.76
村上産業(株),愛媛県,72期,24.847
村上産業(株),愛媛県,73期,11.212
太陽肥料株式会社,茨城県,71期,16497.79
太陽肥料株式会社,茨城県,72期,14193.64
太陽肥料株式会社,茨城県,73期,8863.48
大柿商事(株),茨城県,71期,9.54
大柿商事(株),茨城県,72期,6.1
大柿商事(株),茨城県,73期,5.66
大柿商事(株),群馬県,71期,0.024
大柿商事(株),埼玉県,71期,0.42
大柿商事(株),山形県,71期,8
大柿商事(株),神奈川県,71期,0.02
大柿商事(株),神奈川県,72期,0.1
大柿商事(株),青森県,71期,4
大柿商事(株),千葉県,71期,12.4
大柿商事(株),千葉県,72期,4.1
大柿商事(株),千葉県,73期,2.1
大柿商事(株),長野県,71期,14.012
大柿商事(株),東京都,71期,0.3
大柿商事(株),栃木県,71期,65.74
大柿商事(株),栃木県,72期,50.4
大柿商事(株),栃木県,73期,23.94
大柿商事(株),福島県,71期,6.2
大柿商事(株),福島県,72期,1.76
大柿商事(株),福島県,73期,0.18
大久保肥料(株),群馬県,71期,199.36
大久保肥料(株),群馬県,72期,271.224
大久保肥料(株),群馬県,73期,183.874
大信産業株式会社,愛媛県,71期,53.24
大信産業株式会社,愛媛県,72期,80.278
大信産業株式会社,愛媛県,73期,0.68
大信産業株式会社,岡山県,71期,0.02
大信産業株式会社,岡山県,72期,10.05
大信産業株式会社,京都府,71期,53.783
大信産業株式会社,京都府,72期,54.758
大信産業株式会社,京都府,73期,37.374
大信産業株式会社,広島県,71期,87.485
大信産業株式会社,広島県,72期,136.49
大信産業株式会社,広島県,73期,100.557
大信産業株式会社,佐賀県,72期,0.02
大信産業株式会社,山口県,71期,4.085
大信産業株式会社,山口県,72期,1.535
大信産業株式会社,山口県,73期,0.512
大信産業株式会社,滋賀県,72期,0.42
大信産業株式会社,滋賀県,73期,0.375
大信産業株式会社,鳥取県,71期,22.809
大信産業株式会社,鳥取県,72期,53.589
大信産業株式会社,島根県,71期,453.325
大信産業株式会社,島根県,72期,310.772
大信産業株式会社,島根県,73期,113.192
大信産業株式会社,奈良県,72期,8
大信産業株式会社,奈良県,73期,6.6
大信産業株式会社,兵庫県,71期,2.927
大信産業株式会社,兵庫県,72期,4.483
大信産業株式会社,兵庫県,73期,1.221
大須賀政善商店,山梨県,73期,4.992
大東肥料(株),東京都,71期,81.7
大東肥料(株),東京都,72期,34.54
大東肥料(株),東京都,73期,12
大木忠次郎商店,千葉県,71期,26.44
大木忠次郎商店,千葉県,72期,32.99
大木忠次郎商店,千葉県,73期,30.5
大野久商店,埼玉県,71期,9.35
大野久商店,埼玉県,72期,10.13
大野久商店,埼玉県,73期,8.33
大洋化学工業株式会社,静岡県,71期,7
大林商事(有),宮崎県,71期,367.185
大林商事(有),宮崎県,72期,329.05
大林商事(有),宮崎県,73期,204.325
第一日比商事株式会社,愛知県,71期,87.68
第一日比商事株式会社,愛知県,72期,42.8
第一日比商事株式会社,愛知県,73期,35.94
谷川商店,静岡県,71期,20.07
谷川商店,静岡県,72期,20.002
谷川商店,静岡県,73期,4.904
丹羽商事(株),愛知県,73期,0.02
丹羽商事(株),三重県,71期,97.96
丹羽商事(株),三重県,72期,67.46
丹羽商事(株),三重県,73期,128.988
中日本モリオカ会,愛知県,71期,0.24
中日本モリオカ会,愛知県,72期,0.47
中日本モリオカ会,岡山県,72期,0.02
中日本モリオカ会,岐阜県,73期,0.02
中日本モリオカ会,三重県,71期,0.1
中日本モリオカ会,三重県,72期,0.9
中日本モリオカ会,三重県,73期,0.012
中日本モリオカ会,山口県,71期,0.12
中日本モリオカ会,滋賀県,71期,0.4
中日本モリオカ会,滋賀県,72期,0.24
中日本モリオカ会,滋賀県,73期,0.12
中日本モリオカ会,静岡県,72期,0.02
中日本モリオカ会,大阪府,72期,0.02
中日本モリオカ会,大分県,71期,0.02
中日本モリオカ会,鳥取県,72期,1
中日本モリオカ会,富山県,73期,0.02
中日本モリオカ会,兵庫県,72期,1.24
中日本モリオカ会,兵庫県,73期,0.06
中澤商事(株),長野県,71期,266.14
中澤商事(株),長野県,72期,186.38
中澤商事(株),長野県,73期,166.26
中澤肥料店,山梨県,71期,10.28
中澤肥料店,山梨県,72期,9.3
朝日アグリア(株),埼玉県,71期,672.93
朝日アグリア(株),埼玉県,72期,600.36
朝日アグリア(株),埼玉県,73期,196.45
田中肥料株式会社,静岡県,71期,20.45
田中肥料株式会社,静岡県,72期,20
田中肥料株式会社,静岡県,73期,14
渡辺農事(株),千葉県,71期,5.72
渡辺農事(株),千葉県,72期,4.56
渡辺肥料店,熊本県,71期,10
渡辺肥料店,熊本県,72期,8.04
渡辺肥料店,熊本県,73期,5
渡邊  均,千葉県,71期,16.18
渡邊  均,千葉県,72期,14.38
渡邊  均,千葉県,73期,5.48
東商ｾﾝﾄﾗﾙ宇部支社,山口県,71期,12.02
東商ｾﾝﾄﾗﾙ宇部支社,山口県,72期,9.29
東商ｾﾝﾄﾗﾙ宇部支社,山口県,73期,7.435
東北日紅㈱,岩手県,72期,15
東北日紅㈱,岩手県,73期,17.18
東北日紅㈱,秋田県,71期,196
東北日紅㈱,秋田県,72期,224.42
東北日紅㈱,秋田県,73期,179.22
東北日紅㈱,青森県,72期,1
東北日紅㈱,青森県,73期,346.56
東北日紅㈱,福島県,72期,24
東洋物産(株),香川県,71期,214.387
東洋物産(株),香川県,72期,117.615
東洋物産(株),香川県,73期,164.136
藤井農場,三重県,71期,5.34
藤井農場,三重県,72期,0.04
南興商事(株),宮崎県,71期,189
南興商事(株),宮崎県,72期,127.88
南興商事(株),宮崎県,73期,88.4
南興商事(株),鹿児島県,71期,45.6
南興商事(株),鹿児島県,72期,4.96
南興商事(株),鹿児島県,73期,17.4
日栄商事(株)富山,富山県,71期,199.759
日栄商事(株)富山,富山県,72期,259.372
日栄商事(株)富山,富山県,73期,217.584
日栄商事(株)福井,京都府,71期,0.08
日栄商事(株)福井,京都府,72期,13.016
日栄商事(株)福井,京都府,73期,0.012
日栄商事(株)福井,滋賀県,71期,0.66
日栄商事(株)福井,滋賀県,73期,12.01
日栄商事(株)福井,福井県,71期,1014.969
日栄商事(株)福井,福井県,72期,787.454
日栄商事(株)福井,福井県,73期,235.497
日栄商事(株)本社,石川県,71期,1012.432
日栄商事(株)本社,石川県,72期,670.718
日栄商事(株)本社,石川県,73期,348.583
日植アグリ株式会社,岡山県,71期,887.125
日植アグリ株式会社,岡山県,72期,741.315
日植アグリ株式会社,岡山県,73期,420.675
日植アグリ株式会社,京都府,71期,1.66
日植アグリ株式会社,京都府,72期,1.26
日植アグリ株式会社,京都府,73期,0.1
日植アグリ株式会社,広島県,73期,10.8
日植アグリ株式会社,大阪府,72期,10
日植アグリ株式会社,鳥取県,71期,73
日植アグリ株式会社,鳥取県,72期,36.2
日植アグリ株式会社,鳥取県,73期,2.4
日植アグリ株式会社,兵庫県,71期,5.64
日植アグリ株式会社,兵庫県,72期,16.05
日植アグリ株式会社,兵庫県,73期,7.9
日南商事,高知県,71期,49.99
日南商事,高知県,72期,37.995
日南商事,高知県,73期,35.97
日本肥糧(株),群馬県,71期,361.58
日本肥糧(株),群馬県,72期,186.76
入交ｺｰﾎﾟﾚｰｼｮﾝ(株),宮城県,72期,1.7
入交ｺｰﾎﾟﾚｰｼｮﾝ(株),埼玉県,73期,1.4
入交ｺｰﾎﾟﾚｰｼｮﾝ(株),神奈川県,72期,0.12
入交ｺｰﾎﾟﾚｰｼｮﾝ(株),千葉県,71期,0.65
入交ｺｰﾎﾟﾚｰｼｮﾝ(株),千葉県,73期,0.14
入交ｺｰﾎﾟﾚｰｼｮﾝ(株),東京都,72期,0.04
入交ｺｰﾎﾟﾚｰｼｮﾝ(株),栃木県,71期,0.02
入交ｺｰﾎﾟﾚｰｼｮﾝ(株),栃木県,73期,12.01
萩原肥料店,山梨県,71期,122.2
萩原肥料店,山梨県,72期,113.1
萩原肥料店,山梨県,73期,52
八木商店,京都府,71期,13.5
八木商店,京都府,72期,12.6
八木商店,京都府,73期,9.96
飯田商店,栃木県,71期,2.4
尾道肥料(株),広島県,71期,15.02
尾道肥料(株),広島県,72期,13.14
菱東肥料株式会社,大分県,71期,2472.82
菱東肥料株式会社,大分県,72期,2981.7
菱東肥料株式会社,大分県,73期,808.17
富士見工業(株),愛知県,71期,2.72
富士見工業(株),愛知県,72期,1.4
富士見工業(株),愛知県,73期,0.8
富士見工業(株),茨城県,71期,29
富士見工業(株),茨城県,72期,24
富士見工業(株),茨城県,73期,12
富士見工業(株),岡山県,71期,16.68
富士見工業(株),岡山県,72期,14
富士見工業(株),宮崎県,71期,11.62
富士見工業(株),宮崎県,72期,10.46
富士見工業(株),宮崎県,73期,3.32
富士見工業(株),宮城県,71期,28.48
富士見工業(株),宮城県,72期,61.45
富士見工業(株),宮城県,73期,15.2
富士見工業(株),熊本県,71期,2
富士見工業(株),熊本県,72期,0.8
富士見工業(株),熊本県,73期,0.36
富士見工業(株),群馬県,71期,1.54
富士見工業(株),群馬県,73期,0.84
富士見工業(株),高知県,72期,0.06
富士見工業(株),山梨県,71期,0.02
富士見工業(株),山梨県,72期,0.1
富士見工業(株),山梨県,73期,0.06
富士見工業(株),滋賀県,71期,4
富士見工業(株),鹿児島県,72期,1.14
富士見工業(株),鹿児島県,73期,0.2
富士見工業(株),新潟県,71期,4.2
富士見工業(株),新潟県,72期,3.4
富士見工業(株),神奈川県,71期,4.86
富士見工業(株),神奈川県,72期,3.14
富士見工業(株),神奈川県,73期,1.28
富士見工業(株),静岡県,71期,17.72
富士見工業(株),静岡県,72期,18.82
富士見工業(株),静岡県,73期,7.82
富士見工業(株),石川県,71期,0.28
富士見工業(株),石川県,72期,0.22
富士見工業(株),石川県,73期,0.08
富士見工業(株),千葉県,71期,3.4
富士見工業(株),千葉県,72期,2.54
富士見工業(株),千葉県,73期,1.26
富士見工業(株),大分県,71期,2.7
富士見工業(株),大分県,72期,1.7
富士見工業(株),大分県,73期,0.34
富士見工業(株),長崎県,71期,4.6
富士見工業(株),長崎県,72期,6
富士見工業(株),長崎県,73期,0.48
富士見工業(株),長野県,71期,5.5
富士見工業(株),長野県,72期,1.84
富士見工業(株),東京都,71期,0.2
富士見工業(株),東京都,72期,0.02
富士見工業(株),東京都,73期,0.3
富士見工業(株),栃木県,71期,0.06
富士見工業(株),栃木県,72期,0.38
富士見工業(株),栃木県,73期,1
富士見工業(株),富山県,71期,6.12
富士見工業(株),富山県,72期,2
富士見工業(株),福井県,71期,1.58
富士見工業(株),福井県,72期,0.34
富士見工業(株),福井県,73期,0.48
富士見工業(株),福岡県,71期,5
富士見工業(株),福岡県,73期,5
富士見工業(株),福島県,73期,0.01
富田肥料(株),愛媛県,71期,205.2
富田肥料(株),愛媛県,72期,577.782
富田肥料(株),愛媛県,73期,611.88
富田肥料(株),岡山県,72期,0.214
富田肥料(株),京都府,72期,3.49
富田肥料(株),京都府,73期,0.342
富田肥料(株),広島県,71期,865.353
富田肥料(株),広島県,72期,126.716
富田肥料(株),広島県,73期,79.669
富田肥料(株),香川県,72期,0.024
富田肥料(株),島根県,71期,0.26
富田肥料(株),島根県,72期,12.075
富田肥料(株),島根県,73期,36.02
富田肥料(株),徳島県,71期,0.54
富田肥料(株),徳島県,72期,0.056
富田肥料(株),徳島県,73期,12.48
富田肥料(株),兵庫県,71期,0.02
富田肥料(株),兵庫県,72期,0.06
武蔵商事株式会社,北海道,71期,272.4
武蔵商事株式会社,北海道,72期,251.9
武蔵商事株式会社,北海道,73期,142.2
片倉ｺｰﾌﾟｱｸﾞﾘ(株),東京都,71期,126.91
宝壱産業(株),静岡県,71期,596.355
宝壱産業(株),静岡県,72期,295.679
宝壱産業(株),静岡県,73期,326.442
峰肥料商会,三重県,71期,6
峰肥料商会,大阪府,71期,103.15
峰肥料商会,大阪府,72期,163.59
峰肥料商会,大阪府,73期,42.22
峰肥料商会,奈良県,71期,0.2
峰肥料商会,奈良県,72期,0.1
峰肥料商会,兵庫県,72期,0.4
峰肥料商会,兵庫県,73期,0.2
豊国産業(株),兵庫県,71期,41
豊国産業(株),兵庫県,72期,21.1
豊国産業(株),兵庫県,73期,14.4
豊国産業㈱福山営業所,広島県,71期,29
豊国産業㈱福山営業所,広島県,72期,12.1
豊国産業㈱福山営業所,広島県,73期,10.93
豊田肥料(株),愛知県,71期,9
豊田肥料(株),愛知県,72期,9
豊田肥料(株),愛知県,73期,9
豊田肥料(株),山梨県,72期,0.9
豊田肥料(株),静岡県,71期,104.27
豊田肥料(株),静岡県,72期,92.8
豊田肥料(株),静岡県,73期,52.5
北海道糖業(株) 本別,北海道,71期,5.76
北海道糖業(株) 本別,北海道,72期,4.764
北海道糖業(株) 本別,北海道,73期,2.232
北海道有機株式会社,北海道,71期,413.9
北海道有機株式会社,北海道,72期,362.74
北海道有機株式会社,北海道,73期,117.4
北勢産業株式会社,三重県,71期,5
北勢産業株式会社,三重県,72期,1.4
牧丘産業株式会社,山梨県,71期,9
牧丘産業株式会社,山梨県,72期,10
牧丘産業株式会社,山梨県,73期,8
堀健(株),京都府,71期,405.06
堀健(株),京都府,72期,397.97
堀健(株),京都府,73期,100.58
堀健(株),静岡県,73期,119.34
堀健(株),奈良県,73期,0.012
堀健(株),福岡県,73期,45
堀池商店,京都府,71期,10
堀池商店,京都府,72期,6.8
明京商事株式会社,愛知県,71期,37.7
明京商事株式会社,愛知県,72期,22.3
明京商事株式会社,愛知県,73期,10
明京商事株式会社,茨城県,71期,14.372
明京商事株式会社,岩手県,71期,16.8
明京商事株式会社,岐阜県,71期,4
明京商事株式会社,岐阜県,72期,2
明京商事株式会社,岐阜県,73期,8.6
明京商事株式会社,宮城県,71期,6
明京商事株式会社,宮城県,72期,16.6
明京商事株式会社,宮城県,73期,19.6
明京商事株式会社,京都府,71期,1
明京商事株式会社,京都府,72期,6.4
明京商事株式会社,京都府,73期,0.4
明京商事株式会社,熊本県,71期,62.1
明京商事株式会社,熊本県,72期,55.2
明京商事株式会社,熊本県,73期,58.6
明京商事株式会社,群馬県,73期,4.2
明京商事株式会社,高知県,71期,15
明京商事株式会社,高知県,72期,20
明京商事株式会社,埼玉県,71期,42.36
明京商事株式会社,埼玉県,72期,49.8
明京商事株式会社,埼玉県,73期,16.74
明京商事株式会社,山形県,71期,38.54
明京商事株式会社,山形県,72期,26.6
明京商事株式会社,山形県,73期,20.9
明京商事株式会社,山梨県,71期,1.92
明京商事株式会社,山梨県,72期,0.8
明京商事株式会社,山梨県,73期,1
明京商事株式会社,滋賀県,71期,8.28
明京商事株式会社,滋賀県,72期,6
明京商事株式会社,滋賀県,73期,2.44
明京商事株式会社,鹿児島県,71期,5
明京商事株式会社,鹿児島県,73期,5
明京商事株式会社,秋田県,71期,12
明京商事株式会社,秋田県,72期,2.2
明京商事株式会社,新潟県,71期,18
明京商事株式会社,新潟県,72期,14.4
明京商事株式会社,新潟県,73期,5
明京商事株式会社,神奈川県,71期,5.68
明京商事株式会社,神奈川県,73期,1.4
明京商事株式会社,青森県,71期,33
明京商事株式会社,青森県,72期,0.2
明京商事株式会社,青森県,73期,11.6
明京商事株式会社,千葉県,71期,1.06
明京商事株式会社,千葉県,72期,0.44
明京商事株式会社,大阪府,71期,17
明京商事株式会社,大分県,71期,20
明京商事株式会社,大分県,73期,5
明京商事株式会社,長野県,71期,25.3
明京商事株式会社,長野県,72期,23.6
明京商事株式会社,長野県,73期,10
明京商事株式会社,鳥取県,71期,10
明京商事株式会社,鳥取県,72期,8
明京商事株式会社,島根県,71期,56.8
明京商事株式会社,島根県,72期,28.4
明京商事株式会社,島根県,73期,12
明京商事株式会社,東京都,71期,0.04
明京商事株式会社,徳島県,71期,46
明京商事株式会社,徳島県,72期,20
明京商事株式会社,福岡県,71期,1.68
明京商事株式会社,福岡県,72期,14.24
明京商事株式会社,福岡県,73期,1.54
明京商事株式会社,福島県,71期,43
明京商事株式会社,福島県,72期,14.4
明京商事株式会社,福島県,73期,17.2
明京商事株式会社,兵庫県,71期,27.86
明京商事株式会社,兵庫県,72期,18.4
明京商事株式会社,兵庫県,73期,6
明京商事株式会社,北海道,71期,794.28
明京商事株式会社,北海道,72期,558.58
明京商事株式会社,北海道,73期,207.58
明京商事株式会社,和歌山県,71期,14
明京商事株式会社,和歌山県,72期,10
明京商事株式会社,和歌山県,73期,6
網代商店,千葉県,71期,50.35
網代商店,千葉県,72期,45.29
網中産業(株),千葉県,71期,139.926
網中産業(株),千葉県,72期,106.87
網中産業(株),東京都,71期,70.27
網中産業(株),東京都,72期,50.56
野々山商事(株),愛知県,71期,6
野々山商事(株),愛知県,72期,3.07
野々山商事(株),愛知県,73期,3
薮崎産商(株),静岡県,71期,135.46
薮崎産商(株),静岡県,72期,26.04
有限会社 陶八,愛知県,71期,3.45
有限会社 陶八,愛知県,72期,3
有限会社 陶八,愛知県,73期,1.4
有限会社ｷﾏﾀ種苗ｾﾝﾀ-,岐阜県,71期,1.5
有限会社ｷﾏﾀ種苗ｾﾝﾀ-,岐阜県,72期,1.865
有限会社ｷﾏﾀ種苗ｾﾝﾀ-,岐阜県,73期,0.5
有限会社ホーフ,福井県,71期,1.075
有限会社ホーフ,福井県,72期,1.05
有限会社ホーフ,福井県,73期,0.585
有限会社栗原商店,埼玉県,71期,11.49
有限会社栗原商店,埼玉県,72期,5.18
有限会社栗原商店,埼玉県,73期,20
有限会社古田商店,愛知県,71期,3
有限会社古田商店,愛知県,72期,2
有限会社古田商店,愛知県,73期,2
有限会社黒沢商店,神奈川県,71期,48.64
有限会社黒沢商店,神奈川県,72期,34.9
有限会社黒沢商店,神奈川県,73期,16.22
有限会社大丸肥料店,熊本県,71期,0.048
有限会社大丸肥料店,熊本県,72期,0.024
有限会社大丸肥料店,熊本県,73期,0.024
有限会社大丸肥料店,福岡県,71期,10.512
有限会社大丸肥料店,福岡県,72期,10.4
有限会社大丸肥料店,福岡県,73期,5
有限会社大惣商店,愛知県,71期,14.1
有限会社但木米店,埼玉県,71期,6.18
有限会社但木米店,埼玉県,72期,5.68
有限会社梅十,愛知県,71期,30.12
有限会社梅十,愛知県,72期,16.008
有限会社梅十,愛知県,73期,11.2
有限会社畑肥料店,静岡県,71期,5
有限会社畑肥料店,静岡県,72期,5.2
有限会社畑肥料店,静岡県,73期,5.2
両備産業(株),岡山県,71期,65.2
両備産業(株),岡山県,72期,37.4
両備産業(株),岡山県,73期,9
緑研株式会社,愛知県,71期,85.19
緑研株式会社,愛知県,72期,58.02
緑研株式会社,愛知県,73期,10
緑研株式会社,岐阜県,71期,149.44
緑研株式会社,岐阜県,72期,125.52
緑研株式会社,岐阜県,73期,17.54
緑研株式会社,三重県,71期,3
緑研株式会社,三重県,72期,2
鈴木産業(株),千葉県,71期,13.81
鈴木産業(株),千葉県,72期,14.01
鈴木産業(株),千葉県,73期,8.12
櫻井商事株式会社,千葉県,71期,41.2
櫻井商事株式会社,千葉県,72期,34.69
櫻井商事株式会社,千葉県,73期,22.06
